Iteration,Algorithm,Cenary,Initial State,Objective,Generated vertices amount,Visited vertices amount,Cost,Path
0,1,1,(26 3),(0 18),569,513,410,(26 3) (25 3) (24 3) (23 3) (22 3) (21 3) (20 3) (19 3) (18 3) (17 3) (16 3) (15 3) (14 3) (14 4) (14 5) (13 5) (13 6) (12 6) (12 7) (11 7) (10 7) (10 8) (9 8) (9 9) (8 9) (8 10) (7 10) (7 11) (7 12) (6 12) (5 12) (5 13) (4 13) (4 14) (4 15) (3 15) (2 15) (2 16) (1 16) (1 17) (0 17) (0 18) 
0,1,2,(26 3),(0 18),422,273,410,(26 3) (25 3) (24 3) (23 3) (22 3) (21 3) (21 4) (20 4) (20 5) (19 5) (18 5) (17 5) (16 5) (15 5) (15 6) (14 6) (13 6) (12 6) (11 6) (10 6) (9 6) (8 6) (8 7) (7 7) (6 7) (5 7) (4 7) (3 7) (2 7) (1 7) (0 7) (0 8) (0 9) (0 10) (0 11) (0 12) (0 13) (0 14) (0 15) (0 16) (0 17) (0 18) 
0,2,1,(26 3),(0 18),772,722,540,(26 3) (26 4) (26 5) (25 5) (25 6) (24 6) (24 7) (23 7) (23 8) (22 8) (21 8) (20 8) (19 8) (18 8) (18 9) (18 10) (17 10) (17 11) (16 11) (15 11) (14 11) (13 11) (12 11) (12 12) (11 12) (11 13) (10 13) (10 14) (9 14) (8 14) (7 14) (7 15) (6 15) (5 15) (5 16) (4 16) (3 16) (3 17) (2 17) (1 17) (1 18) (0 18) 
0,2,2,(26 3),(0 18),686,629,540,(26 3) (26 4) (26 5) (26 6) (26 7) (26 8) (26 9) (26 10) (26 11) (26 12) (26 13) (26 14) (26 15) (26 16) (26 17) (26 18) (25 18) (24 18) (23 18) (22 18) (21 18) (20 18) (19 18) (18 18) (17 18) (16 18) (15 18) (14 18) (13 18) (12 18) (11 18) (10 18) (9 18) (8 18) (7 18) (6 18) (5 18) (4 18) (3 18) (2 18) (1 18) (0 18) 
0,3,1,(26 3),(0 18),841,784,449,(26 3) (26 4) (26 5) (26 6) (25 6) (24 6) (23 6) (22 6) (21 6) (20 6) (20 7) (20 8) (19 8) (18 8) (17 8) (16 8) (16 9) (16 10) (15 10) (14 10) (13 10) (12 10) (12 11) (12 12) (11 12) (10 12) (9 12) (8 12) (8 13) (8 14) (7 14) (6 14) (5 14) (4 14) (4 15) (4 16) (3 16) (2 16) (1 16) (0 16) (0 17) (0 18) 
0,3,2,(26 3),(0 18),701,578,449,(26 3) (26 4) (26 5) (26 6) (25 6) (24 6) (23 6) (22 6) (21 6) (20 6) (20 7) (20 8) (19 8) (18 8) (17 8) (16 8) (16 9) (16 10) (15 10) (14 10) (13 10) (12 10) (12 11) (12 12) (11 12) (10 12) (9 12) (8 12) (8 13) (8 14) (7 14) (6 14) (5 14) (4 14) (4 15) (4 16) (3 16) (2 16) (1 16) (0 16) (0 17) (0 18) 
0,4,1,(26 3),(0 18),850,759,358,(26 3) (26 4) (26 5) (26 6) (26 7) (25 7) (24 7) (23 7) (22 7) (21 7) (20 7) (19 7) (18 7) (17 7) (16 7) (15 7) (14 7) (13 7) (13 8) (13 9) (13 10) (13 11) (12 11) (11 11) (10 11) (9 11) (8 11) (7 11) (7 12) (7 13) (7 14) (7 15) (7 16) (6 16) (5 16) (4 16) (3 16) (2 16) (1 16) (0 16) (0 17) (0 18) 
0,4,2,(26 3),(0 18),129,52,361,(26 3) (26 4) (26 5) (26 6) (26 7) (26 8) (25 8) (24 8) (23 8) (22 8) (21 8) (20 8) (19 8) (18 8) (17 8) (16 8) (15 8) (15 9) (15 10) (15 11) (15 12) (15 13) (14 13) (13 13) (12 13) (11 13) (10 13) (9 13) (9 14) (9 15) (9 16) (9 17) (9 18) (8 18) (7 18) (6 18) (5 18) (4 18) (3 18) (2 18) (1 18) (0 18) 
1,1,1,(18 7),(15 15),60,38,110,(18 7) (18 8) (18 9) (18 10) (18 11) (18 12) (18 13) (17 13) (17 14) (16 14) (16 15) (15 15) 
1,1,2,(18 7),(15 15),61,35,110,(18 7) (17 7) (17 8) (16 8) (16 9) (16 10) (16 11) (16 12) (16 13) (16 14) (15 14) (15 15) 
1,2,1,(18 7),(15 15),68,43,125,(18 7) (18 8) (18 9) (18 10) (18 11) (18 12) (18 13) (18 14) (17 14) (16 14) (16 15) (15 15) 
1,2,2,(18 7),(15 15),57,34,125,(18 7) (18 8) (18 9) (18 10) (18 11) (18 12) (18 13) (18 14) (18 15) (17 15) (16 15) (15 15) 
1,3,1,(18 7),(15 15),71,41,112,(18 7) (18 8) (18 9) (18 10) (18 11) (17 11) (16 11) (15 11) (15 12) (15 13) (15 14) (15 15) 
1,3,2,(18 7),(15 15),54,26,112,(18 7) (18 8) (18 9) (18 10) (18 11) (17 11) (16 11) (15 11) (15 12) (15 13) (15 14) (15 15) 
1,4,1,(18 7),(15 15),44,24,101,(18 7) (18 8) (18 9) (18 10) (18 11) (18 12) (18 13) (18 14) (17 14) (16 14) (15 14) (15 15) 
1,4,2,(18 7),(15 15),32,12,107,(18 7) (18 8) (18 9) (18 10) (18 11) (18 12) (17 12) (16 12) (15 12) (15 13) (15 14) (15 15) 
2,1,1,(15 8),(1 5),107,71,170,(15 8) (14 8) (13 8) (12 8) (11 8) (10 8) (9 8) (8 8) (7 8) (6 8) (5 8) (4 8) (4 7) (3 7) (2 7) (2 6) (2 5) (1 5) 
2,1,2,(15 8),(1 5),96,56,170,(15 8) (14 8) (13 8) (12 8) (12 7) (11 7) (10 7) (9 7) (8 7) (7 7) (6 7) (5 7) (4 7) (4 6) (4 5) (3 5) (2 5) (1 5) 
2,2,1,(15 8),(1 5),210,168,240,(15 8) (14 8) (13 8) (12 8) (11 8) (10 8) (9 8) (8 8) (7 8) (7 7) (6 7) (5 7) (4 7) (4 6) (3 6) (2 6) (2 5) (1 5) 
2,2,2,(15 8),(1 5),154,113,240,(15 8) (15 7) (15 6) (15 5) (14 5) (13 5) (12 5) (11 5) (10 5) (9 5) (8 5) (7 5) (6 5) (5 5) (4 5) (3 5) (2 5) (1 5) 
2,3,1,(15 8),(1 5),220,173,200,(15 8) (15 7) (14 7) (13 7) (12 7) (11 7) (10 7) (9 7) (8 7) (7 7) (6 7) (6 6) (5 6) (4 6) (3 6) (2 6) (1 6) (1 5) 
2,3,2,(15 8),(1 5),137,89,200,(15 8) (15 7) (14 7) (13 7) (12 7) (11 7) (10 7) (9 7) (8 7) (7 7) (6 7) (6 6) (5 6) (4 6) (3 6) (2 6) (1 6) (1 5) 
2,4,1,(15 8),(1 5),78,36,161,(15 8) (14 8) (13 8) (12 8) (11 8) (10 8) (9 8) (8 8) (7 8) (6 8) (5 8) (4 8) (3 8) (2 8) (1 8) (1 7) (1 6) (1 5) 
2,4,2,(15 8),(1 5),51,19,149,(15 8) (15 7) (15 6) (15 5) (14 5) (13 5) (12 5) (11 5) (10 5) (9 5) (8 5) (7 5) (6 5) (5 5) (4 5) (3 5) (2 5) (1 5) 
3,1,1,(15 0),(25 22),349,295,320,(15 0) (15 1) (15 2) (15 3) (15 4) (15 5) (15 6) (15 7) (15 8) (15 9) (15 10) (15 11) (15 12) (16 12) (16 13) (16 14) (17 14) (17 15) (18 15) (18 16) (19 16) (19 17) (20 17) (20 18) (21 18) (21 19) (22 19) (23 19) (23 20) (23 21) (24 21) (25 21) (25 22) 
3,1,2,(15 0),(25 22),234,132,320,(15 0) (16 0) (17 0) (17 1) (18 1) (19 1) (19 2) (20 2) (21 2) (21 3) (21 4) (22 4) (22 5) (22 6) (22 7) (22 8) (22 9) (23 9) (24 9) (24 10) (24 11) (24 12) (24 13) (24 14) (24 15) (24 16) (24 17) (24 18) (24 19) (24 20) (25 20) (25 21) (25 22) 
3,2,1,(15 0),(25 22),407,349,370,(15 0) (15 1) (15 2) (15 3) (15 4) (15 5) (15 6) (15 7) (15 8) (15 9) (15 10) (15 11) (15 12) (15 13) (15 14) (15 15) (15 16) (15 17) (15 18) (16 18) (17 18) (18 18) (18 19) (18 20) (19 20) (20 20) (21 20) (21 21) (22 21) (23 21) (24 21) (24 22) (25 22) 
3,2,2,(15 0),(25 22),326,270,370,(15 0) (15 1) (15 2) (15 3) (15 4) (15 5) (15 6) (15 7) (15 8) (15 9) (15 10) (15 11) (15 12) (15 13) (15 14) (15 15) (15 16) (15 17) (15 18) (15 19) (15 20) (15 21) (15 22) (16 22) (17 22) (18 22) (19 22) (20 22) (21 22) (22 22) (23 22) (24 22) (25 22) 
3,3,1,(15 0),(25 22),467,408,325,(15 0) (15 1) (15 2) (15 3) (15 4) (15 5) (16 5) (17 5) (17 6) (17 7) (17 8) (17 9) (18 9) (19 9) (19 10) (19 11) (19 12) (19 13) (20 13) (21 13) (21 14) (21 15) (21 16) (21 17) (22 17) (23 17) (23 18) (23 19) (23 20) (23 21) (24 21) (25 21) (25 22) 
3,3,2,(15 0),(25 22),309,197,325,(15 0) (15 1) (15 2) (15 3) (15 4) (15 5) (16 5) (17 5) (17 6) (17 7) (17 8) (17 9) (18 9) (19 9) (19 10) (19 11) (19 12) (19 13) (20 13) (21 13) (21 14) (21 15) (21 16) (21 17) (22 17) (23 17) (23 18) (23 19) (23 20) (23 21) (24 21) (25 21) (25 22) 
3,4,1,(15 0),(25 22),358,284,285,(15 0) (15 1) (15 2) (15 3) (15 4) (15 5) (15 6) (15 7) (15 8) (16 8) (17 8) (18 8) (19 8) (20 8) (21 8) (21 9) (21 10) (21 11) (21 12) (21 13) (21 14) (21 15) (22 15) (23 15) (24 15) (25 15) (25 16) (25 17) (25 18) (25 19) (25 20) (25 21) (25 22) 
3,4,2,(15 0),(25 22),94,33,295,(15 0) (15 1) (15 2) (15 3) (15 4) (15 5) (16 5) (17 5) (18 5) (19 5) (20 5) (21 5) (22 5) (23 5) (24 5) (25 5) (25 6) (25 7) (25 8) (25 9) (25 10) (25 11) (25 12) (25 13) (25 14) (25 15) (25 16) (25 17) (25 18) (25 19) (25 20) (25 21) (25 22) 
4,1,1,(30 12),(28 24),49,33,140,(30 12) (30 13) (30 14) (30 15) (30 16) (30 17) (30 18) (30 19) (30 20) (30 21) (30 22) (29 22) (29 23) (28 23) (28 24) 
4,1,2,(30 12),(28 24),58,36,140,(30 12) (29 12) (28 12) (28 13) (28 14) (28 15) (28 16) (28 17) (28 18) (28 19) (28 20) (28 21) (28 22) (28 23) (28 24) 
4,2,1,(30 12),(28 24),56,40,150,(30 12) (30 13) (30 14) (30 15) (30 16) (30 17) (30 18) (30 19) (30 20) (30 21) (30 22) (30 23) (29 23) (29 24) (28 24) 
4,2,2,(30 12),(28 24),43,28,150,(30 12) (30 13) (30 14) (30 15) (30 16) (30 17) (30 18) (30 19) (30 20) (30 21) (30 22) (30 23) (30 24) (29 24) (28 24) 
4,3,1,(30 12),(28 24),51,34,140,(30 12) (30 13) (30 14) (30 15) (30 16) (30 17) (29 17) (29 18) (29 19) (29 20) (29 21) (29 22) (28 22) (28 23) (28 24) 
4,3,2,(30 12),(28 24),38,24,140,(30 12) (30 13) (30 14) (30 15) (30 16) (30 17) (29 17) (29 18) (29 19) (29 20) (29 21) (29 22) (28 22) (28 23) (28 24) 
4,4,1,(30 12),(28 24),39,24,131,(30 12) (30 13) (30 14) (30 15) (30 16) (30 17) (30 18) (30 19) (30 20) (30 21) (30 22) (29 22) (28 22) (28 23) (28 24) 
4,4,2,(30 12),(28 24),35,15,139,(30 12) (30 13) (30 14) (30 15) (30 16) (30 17) (29 17) (28 17) (28 18) (28 19) (28 20) (28 21) (28 22) (28 23) (28 24) 
5,1,1,(27 28),(6 20),269,228,290,(27 28) (26 28) (25 28) (24 28) (23 28) (22 28) (21 28) (20 28) (19 28) (18 28) (17 28) (16 28) (15 28) (14 28) (13 28) (13 27) (13 26) (12 26) (11 26) (11 25) (11 24) (10 24) (9 24) (9 23) (8 23) (8 22) (8 21) (7 21) (6 21) (6 20) 
5,1,2,(27 28),(6 20),219,127,290,(27 28) (26 28) (25 28) (24 28) (24 27) (23 27) (22 27) (22 26) (21 26) (20 26) (19 26) (19 25) (19 24) (19 23) (19 22) (19 21) (18 21) (17 21) (16 21) (15 21) (14 21) (13 21) (12 21) (11 21) (10 21) (9 21) (8 21) (7 21) (6 21) (6 20) 
5,2,1,(27 28),(6 20),405,368,395,(27 28) (26 28) (25 28) (24 28) (23 28) (23 27) (22 27) (21 27) (20 27) (19 27) (18 27) (18 26) (18 25) (17 25) (16 25) (16 24) (15 24) (14 24) (13 24) (13 23) (12 23) (12 22) (11 22) (10 22) (10 21) (9 21) (8 21) (7 21) (7 20) (6 20) 
5,2,2,(27 28),(6 20),350,308,395,(27 28) (27 27) (27 26) (27 25) (27 24) (27 23) (27 22) (27 21) (27 20) (26 20) (25 20) (24 20) (23 20) (22 20) (21 20) (20 20) (19 20) (18 20) (17 20) (16 20) (15 20) (14 20) (13 20) (12 20) (11 20) (10 20) (9 20) (8 20) (7 20) (6 20) 
5,3,1,(27 28),(6 20),451,403,328,(27 28) (27 27) (26 27) (25 27) (24 27) (23 27) (22 27) (21 27) (20 27) (19 27) (19 26) (19 25) (18 25) (17 25) (16 25) (15 25) (15 24) (15 23) (14 23) (13 23) (12 23) (11 23) (11 22) (11 21) (10 21) (9 21) (8 21) (7 21) (6 21) (6 20) 
5,3,2,(27 28),(6 20),370,287,328,(27 28) (27 27) (27 26) (26 26) (25 26) (24 26) (23 26) (22 26) (21 26) (20 26) (20 25) (20 24) (19 24) (18 24) (17 24) (16 24) (16 23) (16 22) (15 22) (14 22) (13 22) (12 22) (11 22) (11 21) (10 21) (9 21) (8 21) (7 21) (6 21) (6 20) 
5,4,1,(27 28),(6 20),377,290,256,(27 28) (27 27) (27 26) (27 25) (26 25) (25 25) (24 25) (23 25) (22 25) (21 25) (20 25) (19 25) (18 25) (17 25) (16 25) (15 25) (14 25) (13 25) (12 25) (12 24) (12 23) (12 22) (11 22) (10 22) (9 22) (8 22) (7 22) (6 22) (6 21) (6 20) 
5,4,2,(27 28),(6 20),110,47,256,(27 28) (27 27) (27 26) (27 25) (27 24) (27 23) (26 23) (25 23) (24 23) (23 23) (22 23) (21 23) (20 23) (19 23) (18 23) (17 23) (16 23) (15 23) (14 23) (14 22) (14 21) (14 20) (13 20) (12 20) (11 20) (10 20) (9 20) (8 20) (7 20) (6 20) 
6,1,1,(24 1),(26 18),99,60,190,(24 1) (24 2) (24 3) (24 4) (24 5) (24 6) (24 7) (24 8) (24 9) (24 10) (24 11) (24 12) (24 13) (24 14) (24 15) (24 16) (24 17) (25 17) (25 18) (26 18) 
6,1,2,(24 1),(26 18),89,48,190,(24 1) (25 1) (25 2) (26 2) (26 3) (26 4) (26 5) (26 6) (26 7) (26 8) (26 9) (26 10) (26 11) (26 12) (26 13) (26 14) (26 15) (26 16) (26 17) (26 18) 
6,2,1,(24 1),(26 18),103,65,200,(24 1) (24 2) (24 3) (24 4) (24 5) (24 6) (24 7) (24 8) (24 9) (24 10) (24 11) (24 12) (24 13) (24 14) (24 15) (24 16) (24 17) (25 17) (25 18) (26 18) 
6,2,2,(24 1),(26 18),86,48,200,(24 1) (24 2) (24 3) (24 4) (24 5) (24 6) (24 7) (24 8) (24 9) (24 10) (24 11) (24 12) (24 13) (24 14) (24 15) (24 16) (24 17) (24 18) (25 18) (26 18) 
6,3,1,(24 1),(26 18),108,66,190,(24 1) (24 2) (24 3) (24 4) (24 5) (24 6) (24 7) (24 8) (24 9) (24 10) (24 11) (24 12) (25 12) (25 13) (25 14) (25 15) (25 16) (25 17) (26 17) (26 18) 
6,3,2,(24 1),(26 18),76,39,190,(24 1) (24 2) (24 3) (24 4) (24 5) (24 6) (25 6) (25 7) (25 8) (25 9) (25 10) (25 11) (26 11) (26 12) (26 13) (26 14) (26 15) (26 16) (26 17) (26 18) 
6,4,1,(24 1),(26 18),87,45,181,(24 1) (24 2) (24 3) (24 4) (24 5) (24 6) (24 7) (24 8) (24 9) (24 10) (24 11) (25 11) (26 11) (26 12) (26 13) (26 14) (26 15) (26 16) (26 17) (26 18) 
6,4,2,(24 1),(26 18),56,20,189,(24 1) (24 2) (24 3) (24 4) (24 5) (24 6) (25 6) (26 6) (26 7) (26 8) (26 9) (26 10) (26 11) (26 12) (26 13) (26 14) (26 15) (26 16) (26 17) (26 18) 
7,1,1,(5 18),(4 24),24,10,70,(5 18) (5 19) (5 20) (5 21) (5 22) (5 23) (4 23) (4 24) 
7,1,2,(5 18),(4 24),29,14,70,(5 18) (4 18) (4 19) (4 20) (4 21) (4 22) (4 23) (4 24) 
7,2,1,(5 18),(4 24),24,10,75,(5 18) (5 19) (5 20) (5 21) (5 22) (5 23) (5 24) (4 24) 
7,2,2,(5 18),(4 24),24,10,75,(5 18) (5 19) (5 20) (5 21) (5 22) (5 23) (5 24) (4 24) 
7,3,1,(5 18),(4 24),23,9,70,(5 18) (5 19) (5 20) (5 21) (5 22) (5 23) (4 23) (4 24) 
7,3,2,(5 18),(4 24),23,9,70,(5 18) (5 19) (5 20) (5 21) (5 22) (5 23) (4 23) (4 24) 
7,4,1,(5 18),(4 24),24,9,69,(5 18) (5 19) (5 20) (5 21) (5 22) (5 23) (5 24) (4 24) 
7,4,2,(5 18),(4 24),24,9,69,(5 18) (5 19) (5 20) (5 21) (5 22) (5 23) (5 24) (4 24) 
8,1,1,(8 22),(2 12),132,97,160,(8 22) (8 21) (8 20) (8 19) (8 18) (8 17) (7 17) (7 16) (6 16) (6 15) (5 15) (5 14) (4 14) (3 14) (3 13) (3 12) (2 12) 
8,1,2,(8 22),(2 12),86,44,160,(8 22) (7 22) (6 22) (5 22) (5 21) (4 21) (3 21) (3 20) (2 20) (2 19) (2 18) (2 17) (2 16) (2 15) (2 14) (2 13) (2 12) 
8,2,1,(8 22),(2 12),152,115,190,(8 22) (8 21) (8 20) (8 19) (8 18) (8 17) (8 16) (8 15) (8 14) (7 14) (6 14) (6 13) (5 13) (4 13) (3 13) (3 12) (2 12) 
8,2,2,(8 22),(2 12),129,94,190,(8 22) (8 21) (8 20) (8 19) (8 18) (8 17) (8 16) (8 15) (8 14) (8 13) (8 12) (7 12) (6 12) (5 12) (4 12) (3 12) (2 12) 
8,3,1,(8 22),(2 12),153,111,165,(8 22) (8 21) (8 20) (8 19) (8 18) (7 18) (6 18) (5 18) (5 17) (5 16) (5 15) (5 14) (4 14) (3 14) (2 14) (2 13) (2 12) 
8,3,2,(8 22),(2 12),107,66,165,(8 22) (8 21) (8 20) (8 19) (8 18) (7 18) (6 18) (5 18) (5 17) (5 16) (5 15) (5 14) (4 14) (3 14) (2 14) (2 13) (2 12) 
8,4,1,(8 22),(2 12),119,75,139,(8 22) (8 21) (8 20) (8 19) (8 18) (8 17) (8 16) (8 15) (7 15) (6 15) (5 15) (4 15) (3 15) (2 15) (2 14) (2 13) (2 12) 
8,4,2,(8 22),(2 12),47,17,145,(8 22) (8 21) (8 20) (8 19) (8 18) (8 17) (7 17) (6 17) (5 17) (4 17) (3 17) (2 17) (2 16) (2 15) (2 14) (2 13) (2 12) 
9,1,1,(2 8),(1 28),75,32,210,(2 8) (2 9) (2 10) (2 11) (2 12) (2 13) (2 14) (2 15) (2 16) (2 17) (2 18) (2 19) (2 20) (2 21) (2 22) (2 23) (2 24) (2 25) (2 26) (2 27) (2 28) (1 28) 
9,1,2,(2 8),(1 28),85,42,210,(2 8) (1 8) (1 9) (1 10) (1 11) (1 12) (1 13) (1 14) (1 15) (1 16) (1 17) (1 18) (1 19) (1 20) (1 21) (1 22) (1 23) (1 24) (1 25) (1 26) (1 27) (1 28) 
9,2,1,(2 8),(1 28),72,30,215,(2 8) (2 9) (2 10) (2 11) (2 12) (2 13) (2 14) (2 15) (2 16) (2 17) (2 18) (2 19) (2 20) (2 21) (2 22) (2 23) (2 24) (2 25) (2 26) (2 27) (2 28) (1 28) 
9,2,2,(2 8),(1 28),71,29,215,(2 8) (2 9) (2 10) (2 11) (2 12) (2 13) (2 14) (2 15) (2 16) (2 17) (2 18) (2 19) (2 20) (2 21) (2 22) (2 23) (2 24) (2 25) (2 26) (2 27) (2 28) (1 28) 
9,3,1,(2 8),(1 28),84,32,210,(2 8) (2 9) (2 10) (2 11) (2 12) (2 13) (2 14) (2 15) (2 16) (2 17) (2 18) (2 19) (2 20) (2 21) (2 22) (2 23) (2 24) (2 25) (1 25) (1 26) (1 27) (1 28) 
9,3,2,(2 8),(1 28),79,37,210,(2 8) (2 9) (2 10) (2 11) (2 12) (2 13) (1 13) (1 14) (1 15) (1 16) (1 17) (1 18) (1 19) (1 20) (1 21) (1 22) (1 23) (1 24) (1 25) (1 26) (1 27) (1 28) 
9,4,1,(2 8),(1 28),81,31,205,(2 8) (2 9) (2 10) (2 11) (2 12) (2 13) (2 14) (2 15) (2 16) (2 17) (2 18) (1 18) (1 19) (1 20) (1 21) (1 22) (1 23) (1 24) (1 25) (1 26) (1 27) (1 28) 
9,4,2,(2 8),(1 28),64,23,209,(2 8) (2 9) (2 10) (2 11) (2 12) (2 13) (2 14) (1 14) (1 15) (1 16) (1 17) (1 18) (1 19) (1 20) (1 21) (1 22) (1 23) (1 24) (1 25) (1 26) (1 27) (1 28) 
10,1,1,(7 0),(13 4),46,32,100,(7 0) (8 0) (9 0) (10 0) (10 1) (11 1) (11 2) (11 3) (12 3) (12 4) (13 4) 
10,1,2,(7 0),(13 4),55,34,100,(7 0) (8 0) (9 0) (9 1) (10 1) (11 1) (11 2) (12 2) (13 2) (13 3) (13 4) 
10,2,1,(7 0),(13 4),64,48,130,(7 0) (7 1) (8 1) (8 2) (9 2) (10 2) (10 3) (11 3) (12 3) (12 4) (13 4) 
10,2,2,(7 0),(13 4),57,42,130,(7 0) (7 1) (7 2) (7 3) (7 4) (8 4) (9 4) (10 4) (11 4) (12 4) (13 4) 
10,3,1,(7 0),(13 4),59,44,109,(7 0) (7 1) (7 2) (7 3) (8 3) (9 3) (10 3) (11 3) (12 3) (13 3) (13 4) 
10,3,2,(7 0),(13 4),55,29,109,(7 0) (7 1) (7 2) (7 3) (8 3) (9 3) (10 3) (11 3) (12 3) (13 3) (13 4) 
10,4,1,(7 0),(13 4),42,28,97,(7 0) (7 1) (7 2) (7 3) (8 3) (9 3) (10 3) (11 3) (12 3) (13 3) (13 4) 
10,4,2,(7 0),(13 4),29,11,91,(7 0) (7 1) (7 2) (7 3) (7 4) (8 4) (9 4) (10 4) (11 4) (12 4) (13 4) 
11,1,1,(9 19),(7 7),65,36,140,(9 19) (9 18) (9 17) (9 16) (9 15) (9 14) (9 13) (9 12) (9 11) (9 10) (9 9) (8 9) (8 8) (7 8) (7 7) 
11,1,2,(9 19),(7 7),64,36,140,(9 19) (9 18) (9 17) (9 16) (9 15) (8 15) (7 15) (7 14) (7 13) (7 12) (7 11) (7 10) (7 9) (7 8) (7 7) 
11,2,1,(9 19),(7 7),68,39,150,(9 19) (9 18) (9 17) (9 16) (9 15) (9 14) (9 13) (9 12) (9 11) (9 10) (9 9) (9 8) (8 8) (8 7) (7 7) 
11,2,2,(9 19),(7 7),60,32,150,(9 19) (9 18) (9 17) (9 16) (9 15) (9 14) (9 13) (9 12) (9 11) (9 10) (9 9) (9 8) (9 7) (8 7) (7 7) 
11,3,1,(9 19),(7 7),78,45,140,(9 19) (9 18) (9 17) (9 16) (9 15) (9 14) (8 14) (8 13) (8 12) (8 11) (8 10) (8 9) (7 9) (7 8) (7 7) 
11,3,2,(9 19),(7 7),51,24,140,(9 19) (9 18) (9 17) (9 16) (9 15) (9 14) (8 14) (8 13) (8 12) (8 11) (8 10) (8 9) (7 9) (7 8) (7 7) 
11,4,1,(9 19),(7 7),50,24,131,(9 19) (9 18) (9 17) (9 16) (9 15) (9 14) (9 13) (9 12) (9 11) (9 10) (9 9) (8 9) (7 9) (7 8) (7 7) 
11,4,2,(9 19),(7 7),41,15,139,(9 19) (9 18) (9 17) (9 16) (9 15) (9 14) (8 14) (7 14) (7 13) (7 12) (7 11) (7 10) (7 9) (7 8) (7 7) 
12,1,1,(26 5),(16 13),160,121,180,(26 5) (25 5) (24 5) (23 5) (23 6) (22 6) (22 7) (21 7) (21 8) (20 8) (20 9) (19 9) (19 10) (18 10) (18 11) (18 12) (17 12) (17 13) (16 13) 
12,1,2,(26 5),(16 13),119,71,180,(26 5) (25 5) (25 6) (24 6) (24 7) (24 8) (24 9) (24 10) (24 11) (23 11) (22 11) (21 11) (20 11) (20 12) (19 12) (18 12) (17 12) (17 13) (16 13) 
12,2,1,(26 5),(16 13),222,180,230,(26 5) (26 6) (26 7) (26 8) (26 9) (25 9) (24 9) (24 10) (23 10) (22 10) (21 10) (21 11) (20 11) (20 12) (19 12) (18 12) (17 12) (17 13) (16 13) 
12,2,2,(26 5),(16 13),174,134,230,(26 5) (26 6) (26 7) (26 8) (26 9) (26 10) (26 11) (26 12) (26 13) (25 13) (24 13) (23 13) (22 13) (21 13) (20 13) (19 13) (18 13) (17 13) (16 13) 
12,3,1,(26 5),(16 13),206,162,192,(26 5) (26 6) (26 7) (26 8) (25 8) (24 8) (23 8) (22 8) (21 8) (21 9) (21 10) (21 11) (20 11) (19 11) (18 11) (17 11) (17 12) (17 13) (16 13) 
12,3,2,(26 5),(16 13),148,94,192,(26 5) (26 6) (26 7) (26 8) (25 8) (24 8) (23 8) (22 8) (21 8) (21 9) (21 10) (21 11) (20 11) (19 11) (18 11) (17 11) (17 12) (17 13) (16 13) 
12,4,1,(26 5),(16 13),138,87,155,(26 5) (26 6) (26 7) (26 8) (26 9) (26 10) (25 10) (24 10) (23 10) (22 10) (21 10) (20 10) (19 10) (18 10) (17 10) (16 10) (16 11) (16 12) (16 13) 
12,4,2,(26 5),(16 13),53,19,155,(26 5) (26 6) (26 7) (26 8) (26 9) (26 10) (25 10) (24 10) (23 10) (22 10) (21 10) (20 10) (19 10) (18 10) (17 10) (16 10) (16 11) (16 12) (16 13) 
13,1,1,(29 8),(26 1),51,35,100,(29 8) (29 7) (29 6) (29 5) (29 4) (29 3) (28 3) (27 3) (27 2) (26 2) (26 1) 
13,1,2,(29 8),(26 1),51,29,100,(29 8) (28 8) (27 8) (26 8) (26 7) (26 6) (26 5) (26 4) (26 3) (26 2) (26 1) 
13,2,1,(29 8),(26 1),59,43,115,(29 8) (29 7) (29 6) (29 5) (29 4) (29 3) (29 2) (28 2) (27 2) (27 1) (26 1) 
13,2,2,(29 8),(26 1),50,29,115,(29 8) (29 7) (29 6) (29 5) (29 4) (29 3) (29 2) (29 1) (28 1) (27 1) (26 1) 
13,3,1,(29 8),(26 1),56,35,102,(29 8) (29 7) (29 6) (29 5) (29 4) (28 4) (27 4) (26 4) (26 3) (26 2) (26 1) 
13,3,2,(29 8),(26 1),46,22,102,(29 8) (29 7) (29 6) (29 5) (29 4) (28 4) (27 4) (26 4) (26 3) (26 2) (26 1) 
13,4,1,(29 8),(26 1),40,22,94,(29 8) (29 7) (29 6) (29 5) (29 4) (29 3) (29 2) (28 2) (27 2) (26 2) (26 1) 
13,4,2,(29 8),(26 1),29,11,97,(29 8) (29 7) (29 6) (29 5) (29 4) (29 3) (28 3) (27 3) (26 3) (26 2) (26 1) 
14,1,1,(21 1),(18 3),23,12,50,(21 1) (20 1) (20 2) (19 2) (19 3) (18 3) 
14,1,2,(21 1),(18 3),23,12,50,(21 1) (20 1) (20 2) (19 2) (19 3) (18 3) 
14,2,1,(21 1),(18 3),25,15,65,(21 1) (21 2) (20 2) (19 2) (19 3) (18 3) 
14,2,2,(21 1),(18 3),23,12,65,(21 1) (21 2) (21 3) (20 3) (19 3) (18 3) 
14,3,1,(21 1),(18 3),24,12,56,(21 1) (21 2) (21 3) (20 3) (19 3) (18 3) 
14,3,2,(21 1),(18 3),17,8,56,(21 1) (21 2) (21 3) (20 3) (19 3) (18 3) 
14,4,1,(21 1),(18 3),24,12,56,(21 1) (21 2) (21 3) (20 3) (19 3) (18 3) 
14,4,2,(21 1),(18 3),17,8,56,(21 1) (21 2) (21 3) (20 3) (19 3) (18 3) 
15,1,1,(27 24),(0 5),758,693,460,(27 24) (26 24) (25 24) (24 24) (23 24) (22 24) (21 24) (20 24) (19 24) (18 24) (17 24) (17 23) (16 23) (16 22) (15 22) (15 21) (15 20) (15 19) (14 19) (14 18) (13 18) (13 17) (12 17) (11 17) (11 16) (11 15) (10 15) (10 14) (9 14) (8 14) (8 13) (8 12) (7 12) (7 11) (6 11) (5 11) (5 10) (5 9) (4 9) (4 8) (3 8) (3 7) (2 7) (2 6) (1 6) (1 5) (0 5) 
15,1,2,(27 24),(0 5),421,278,460,(27 24) (26 24) (25 24) (24 24) (24 23) (23 23) (22 23) (22 22) (21 22) (20 22) (19 22) (18 22) (18 21) (17 21) (17 20) (17 19) (16 19) (15 19) (14 19) (13 19) (12 19) (11 19) (10 19) (9 19) (8 19) (7 19) (6 19) (5 19) (4 19) (3 19) (2 19) (1 19) (1 18) (1 17) (1 16) (1 15) (1 14) (1 13) (1 12) (1 11) (1 10) (1 9) (1 8) (1 7) (1 6) (1 5) (0 5) 
15,2,1,(27 24),(0 5),908,874,595,(27 24) (27 23) (27 22) (27 21) (27 20) (27 19) (27 18) (27 17) (26 17) (25 17) (24 17) (23 17) (23 16) (23 15) (22 15) (21 15) (20 15) (19 15) (18 15) (18 14) (18 13) (17 13) (16 13) (16 12) (15 12) (14 12) (14 11) (13 11) (12 11) (12 10) (11 10) (10 10) (9 10) (9 9) (8 9) (7 9) (7 8) (6 8) (6 7) (5 7) (4 7) (4 6) (3 6) (2 6) (1 6) (1 5) (0 5) 
15,2,2,(27 24),(0 5),847,784,595,(27 24) (27 23) (27 22) (27 21) (27 20) (27 19) (27 18) (27 17) (27 16) (27 15) (27 14) (27 13) (27 12) (27 11) (27 10) (27 9) (27 8) (27 7) (27 6) (27 5) (26 5) (25 5) (24 5) (23 5) (22 5) (21 5) (20 5) (19 5) (18 5) (17 5) (16 5) (15 5) (14 5) (13 5) (12 5) (11 5) (10 5) (9 5) (8 5) (7 5) (6 5) (5 5) (4 5) (3 5) (2 5) (1 5) (0 5) 
15,3,1,(27 24),(0 5),1081,1010,496,(27 24) (27 23) (27 22) (27 21) (26 21) (25 21) (24 21) (23 21) (22 21) (22 20) (22 19) (22 18) (21 18) (20 18) (19 18) (19 17) (19 16) (19 15) (18 15) (17 15) (16 15) (15 15) (15 14) (15 13) (14 13) (13 13) (12 13) (12 12) (12 11) (12 10) (11 10) (10 10) (9 10) (8 10) (8 9) (8 8) (7 8) (6 8) (5 8) (4 8) (4 7) (4 6) (3 6) (2 6) (1 6) (0 6) (0 5) 
15,3,2,(27 24),(0 5),862,716,496,(27 24) (27 23) (27 22) (27 21) (26 21) (25 21) (24 21) (23 21) (22 21) (22 20) (22 19) (22 18) (21 18) (20 18) (19 18) (19 17) (19 16) (19 15) (18 15) (17 15) (16 15) (16 14) (16 13) (16 12) (15 12) (14 12) (13 12) (12 12) (12 11) (12 10) (11 10) (10 10) (9 10) (8 10) (8 9) (8 8) (7 8) (6 8) (5 8) (4 8) (4 7) (4 6) (3 6) (2 6) (1 6) (0 6) (0 5) 
15,4,1,(27 24),(0 5),979,876,398,(27 24) (27 23) (27 22) (27 21) (27 20) (26 20) (25 20) (24 20) (23 20) (22 20) (21 20) (20 20) (19 20) (18 20) (17 20) (16 20) (15 20) (15 19) (15 18) (15 17) (15 16) (15 15) (14 15) (13 15) (12 15) (11 15) (10 15) (9 15) (9 14) (9 13) (9 12) (9 11) (9 10) (8 10) (7 10) (6 10) (5 10) (4 10) (3 10) (2 10) (2 9) (2 8) (2 7) (2 6) (1 6) (0 6) (0 5) 
15,4,2,(27 24),(0 5),161,69,394,(27 24) (27 23) (27 22) (27 21) (27 20) (27 19) (26 19) (25 19) (24 19) (23 19) (22 19) (21 19) (20 19) (19 19) (18 19) (17 19) (16 19) (16 18) (16 17) (16 16) (16 15) (16 14) (15 14) (14 14) (13 14) (12 14) (11 14) (10 14) (10 13) (10 12) (10 11) (10 10) (10 9) (9 9) (8 9) (7 9) (6 9) (5 9) (4 9) (3 9) (3 8) (3 7) (3 6) (3 5) (2 5) (1 5) (0 5) 
16,1,1,(2 16),(19 7),266,218,260,(2 16) (3 16) (4 16) (5 16) (6 16) (7 16) (8 16) (9 16) (10 16) (11 16) (11 15) (11 14) (12 14) (12 13) (13 13) (14 13) (14 12) (15 12) (15 11) (15 10) (16 10) (17 10) (17 9) (17 8) (18 8) (18 7) (19 7) 
16,1,2,(2 16),(19 7),182,116,260,(2 16) (2 15) (3 15) (3 14) (4 14) (5 14) (5 13) (6 13) (6 12) (7 12) (8 12) (9 12) (10 12) (11 12) (11 11) (12 11) (12 10) (12 9) (13 9) (14 9) (14 8) (15 8) (16 8) (17 8) (18 8) (19 8) (19 7) 
16,2,1,(2 16),(19 7),405,356,345,(2 16) (2 15) (3 15) (3 14) (4 14) (4 13) (5 13) (6 13) (7 13) (8 13) (8 12) (9 12) (9 11) (10 11) (11 11) (12 11) (12 10) (13 10) (14 10) (14 9) (15 9) (15 8) (16 8) (17 8) (18 8) (18 7) (19 7) 
16,2,2,(2 16),(19 7),313,264,345,(2 16) (2 15) (2 14) (2 13) (2 12) (2 11) (2 10) (2 9) (2 8) (2 7) (3 7) (4 7) (5 7) (6 7) (7 7) (8 7) (9 7) (10 7) (11 7) (12 7) (13 7) (14 7) (15 7) (16 7) (17 7) (18 7) (19 7) 
16,3,1,(2 16),(19 7),395,338,284,(2 16) (2 15) (2 14) (3 14) (4 14) (5 14) (6 14) (7 14) (8 14) (9 14) (9 13) (9 12) (10 12) (11 12) (12 12) (12 11) (12 10) (12 9) (13 9) (14 9) (15 9) (16 9) (16 8) (16 7) (17 7) (18 7) (19 7) 
16,3,2,(2 16),(19 7),286,204,284,(2 16) (2 15) (2 14) (2 13) (3 13) (4 13) (5 13) (6 13) (7 13) (8 13) (8 12) (8 11) (9 11) (10 11) (11 11) (12 11) (12 10) (12 9) (13 9) (14 9) (15 9) (16 9) (16 8) (16 7) (17 7) (18 7) (19 7) 
16,4,1,(2 16),(19 7),333,257,227,(2 16) (2 15) (2 14) (2 13) (3 13) (4 13) (5 13) (6 13) (7 13) (8 13) (9 13) (10 13) (11 13) (12 13) (13 13) (14 13) (15 13) (16 13) (16 12) (16 11) (16 10) (16 9) (17 9) (18 9) (19 9) (19 8) (19 7) 
16,4,2,(2 16),(19 7),104,47,223,(2 16) (2 15) (2 14) (2 13) (2 12) (2 11) (2 10) (3 10) (4 10) (5 10) (6 10) (7 10) (8 10) (9 10) (10 10) (11 10) (12 10) (13 10) (14 10) (14 9) (14 8) (14 7) (15 7) (16 7) (17 7) (18 7) (19 7) 
17,1,1,(13 16),(21 20),73,47,120,(13 16) (14 16) (15 16) (16 16) (17 16) (18 16) (18 17) (19 17) (19 18) (19 19) (20 19) (20 20) (21 20) 
17,1,2,(13 16),(21 20),56,30,120,(13 16) (14 16) (14 17) (15 17) (15 18) (15 19) (16 19) (16 20) (17 20) (18 20) (19 20) (20 20) (21 20) 
17,2,1,(13 16),(21 20),113,82,160,(13 16) (14 16) (14 17) (15 17) (15 18) (16 18) (17 18) (17 19) (18 19) (19 19) (20 19) (20 20) (21 20) 
17,2,2,(13 16),(21 20),85,58,160,(13 16) (13 17) (13 18) (13 19) (13 20) (14 20) (15 20) (16 20) (17 20) (18 20) (19 20) (20 20) (21 20) 
17,3,1,(13 16),(21 20),109,79,132,(13 16) (13 17) (13 18) (14 18) (15 18) (16 18) (17 18) (18 18) (19 18) (20 18) (20 19) (20 20) (21 20) 
17,3,2,(13 16),(21 20),74,38,132,(13 16) (13 17) (13 18) (14 18) (15 18) (16 18) (17 18) (18 18) (19 18) (20 18) (20 19) (20 20) (21 20) 
17,4,1,(13 16),(21 20),68,38,108,(13 16) (13 17) (13 18) (13 19) (14 19) (15 19) (16 19) (17 19) (18 19) (19 19) (20 19) (21 19) (21 20) 
17,4,2,(13 16),(21 20),36,13,102,(13 16) (13 17) (13 18) (13 19) (13 20) (14 20) (15 20) (16 20) (17 20) (18 20) (19 20) (20 20) (21 20) 
18,1,1,(11 25),(15 23),24,12,60,(11 25) (12 25) (13 25) (13 24) (14 24) (15 24) (15 23) 
18,1,2,(11 25),(15 23),27,13,60,(11 25) (11 24) (12 24) (12 23) (13 23) (14 23) (15 23) 
18,2,1,(11 25),(15 23),39,23,80,(11 25) (11 24) (12 24) (13 24) (14 24) (14 23) (15 23) 
18,2,2,(11 25),(15 23),28,15,80,(11 25) (11 24) (11 23) (12 23) (13 23) (14 23) (15 23) 
18,3,1,(11 25),(15 23),33,16,66,(11 25) (11 24) (11 23) (12 23) (13 23) (14 23) (15 23) 
18,3,2,(11 25),(15 23),20,9,66,(11 25) (11 24) (11 23) (12 23) (13 23) (14 23) (15 23) 
18,4,1,(11 25),(15 23),33,16,66,(11 25) (11 24) (11 23) (12 23) (13 23) (14 23) (15 23) 
18,4,2,(11 25),(15 23),20,9,66,(11 25) (11 24) (11 23) (12 23) (13 23) (14 23) (15 23) 
19,1,1,(11 18),(2 3),246,194,240,(11 18) (11 17) (11 16) (11 15) (11 14) (11 13) (11 12) (10 12) (10 11) (9 11) (9 10) (9 9) (8 9) (7 9) (7 8) (7 7) (6 7) (6 6) (5 6) (4 6) (4 5) (4 4) (3 4) (2 4) (2 3) 
19,1,2,(11 18),(2 3),199,132,240,(11 18) (11 17) (11 16) (11 15) (10 15) (9 15) (9 14) (9 13) (8 13) (7 13) (7 12) (7 11) (6 11) (6 10) (6 9) (5 9) (5 8) (5 7) (5 6) (4 6) (3 6) (2 6) (2 5) (2 4) (2 3) 
19,2,1,(11 18),(2 3),303,249,285,(11 18) (11 17) (11 16) (11 15) (11 14) (11 13) (11 12) (11 11) (11 10) (11 9) (11 8) (11 7) (10 7) (9 7) (9 6) (8 6) (7 6) (7 5) (6 5) (6 4) (5 4) (4 4) (3 4) (3 3) (2 3) 
19,2,2,(11 18),(2 3),230,178,285,(11 18) (11 17) (11 16) (11 15) (11 14) (11 13) (11 12) (11 11) (11 10) (11 9) (11 8) (11 7) (11 6) (11 5) (11 4) (11 3) (10 3) (9 3) (8 3) (7 3) (6 3) (5 3) (4 3) (3 3) (2 3) 
19,3,1,(11 18),(2 3),314,253,246,(11 18) (11 17) (11 16) (11 15) (11 14) (10 14) (9 14) (8 14) (8 13) (8 12) (8 11) (8 10) (7 10) (6 10) (6 9) (6 8) (6 7) (6 6) (5 6) (4 6) (3 6) (3 5) (3 4) (3 3) (2 3) 
19,3,2,(11 18),(2 3),204,135,246,(11 18) (11 17) (11 16) (11 15) (11 14) (10 14) (9 14) (8 14) (8 13) (8 12) (8 11) (8 10) (7 10) (6 10) (6 9) (6 8) (6 7) (6 6) (5 6) (4 6) (3 6) (3 5) (3 4) (3 3) (2 3) 
19,4,1,(11 18),(2 3),222,165,208,(11 18) (11 17) (11 16) (11 15) (11 14) (11 13) (11 12) (11 11) (10 11) (9 11) (8 11) (7 11) (6 11) (5 11) (4 11) (4 10) (4 9) (4 8) (4 7) (4 6) (4 5) (4 4) (3 4) (2 4) (2 3) 
19,4,2,(11 18),(2 3),71,25,216,(11 18) (11 17) (11 16) (11 15) (11 14) (11 13) (10 13) (9 13) (8 13) (7 13) (6 13) (5 13) (4 13) (3 13) (2 13) (2 12) (2 11) (2 10) (2 9) (2 8) (2 7) (2 6) (2 5) (2 4) (2 3) 
20,1,1,(27 3),(26 7),21,10,50,(27 3) (27 4) (27 5) (27 6) (27 7) (26 7) 
20,1,2,(27 3),(26 7),21,10,50,(27 3) (26 3) (26 4) (26 5) (26 6) (26 7) 
20,2,1,(27 3),(26 7),19,8,55,(27 3) (27 4) (27 5) (27 6) (27 7) (26 7) 
20,2,2,(27 3),(26 7),19,8,55,(27 3) (27 4) (27 5) (27 6) (27 7) (26 7) 
20,3,1,(27 3),(26 7),16,6,51,(27 3) (27 4) (27 5) (27 6) (27 7) (26 7) 
20,3,2,(27 3),(26 7),16,6,51,(27 3) (27 4) (27 5) (27 6) (27 7) (26 7) 
20,4,1,(27 3),(26 7),16,6,51,(27 3) (27 4) (27 5) (27 6) (27 7) (26 7) 
20,4,2,(27 3),(26 7),16,6,51,(27 3) (27 4) (27 5) (27 6) (27 7) (26 7) 
21,1,1,(27 26),(14 22),122,86,170,(27 26) (26 26) (25 26) (24 26) (23 26) (22 26) (21 26) (20 26) (19 26) (18 26) (17 26) (17 25) (17 24) (16 24) (15 24) (15 23) (15 22) (14 22) 
21,1,2,(27 26),(14 22),111,63,170,(27 26) (26 26) (25 26) (24 26) (24 25) (23 25) (22 25) (22 24) (21 24) (20 24) (19 24) (18 24) (17 24) (17 23) (16 23) (15 23) (14 23) (14 22) 
21,2,1,(27 26),(14 22),197,165,235,(27 26) (26 26) (25 26) (24 26) (23 26) (22 26) (21 26) (21 25) (20 25) (19 25) (19 24) (18 24) (18 23) (17 23) (16 23) (15 23) (15 22) (14 22) 
21,2,2,(27 26),(14 22),158,118,235,(27 26) (27 25) (27 24) (27 23) (27 22) (26 22) (25 22) (24 22) (23 22) (22 22) (21 22) (20 22) (19 22) (18 22) (17 22) (16 22) (15 22) (14 22) 
21,3,1,(27 26),(14 22),216,175,196,(27 26) (27 25) (26 25) (25 25) (24 25) (23 25) (22 25) (21 25) (20 25) (19 25) (19 24) (19 23) (18 23) (17 23) (16 23) (15 23) (14 23) (14 22) 
21,3,2,(27 26),(14 22),147,95,196,(27 26) (27 25) (27 24) (26 24) (25 24) (24 24) (23 24) (22 24) (21 24) (20 24) (19 24) (19 23) (18 23) (17 23) (16 23) (15 23) (14 23) (14 22) 
21,4,1,(27 26),(14 22),92,46,156,(27 26) (27 25) (26 25) (25 25) (24 25) (23 25) (22 25) (21 25) (20 25) (19 25) (18 25) (17 25) (16 25) (15 25) (14 25) (14 24) (14 23) (14 22) 
21,4,2,(27 26),(14 22),51,18,147,(27 26) (27 25) (27 24) (27 23) (27 22) (26 22) (25 22) (24 22) (23 22) (22 22) (21 22) (20 22) (19 22) (18 22) (17 22) (16 22) (15 22) (14 22) 
22,1,1,(27 20),(8 19),73,32,200,(27 20) (26 20) (25 20) (24 20) (23 20) (22 20) (21 20) (20 20) (19 20) (18 20) (17 20) (16 20) (15 20) (14 20) (13 20) (12 20) (11 20) (10 20) (9 20) (9 19) (8 19) 
22,1,2,(27 20),(8 19),81,40,200,(27 20) (26 20) (25 20) (24 20) (23 20) (23 19) (22 19) (21 19) (20 19) (19 19) (18 19) (17 19) (16 19) (15 19) (14 19) (13 19) (12 19) (11 19) (10 19) (9 19) (8 19) 
22,2,1,(27 20),(8 19),266,215,295,(27 20) (26 20) (25 20) (24 20) (23 20) (22 20) (21 20) (20 20) (19 20) (18 20) (17 20) (16 20) (15 20) (14 20) (13 20) (12 20) (11 20) (10 20) (9 20) (9 19) (8 19) 
22,2,2,(27 20),(8 19),181,134,295,(27 20) (27 19) (26 19) (25 19) (24 19) (23 19) (22 19) (21 19) (20 19) (19 19) (18 19) (17 19) (16 19) (15 19) (14 19) (13 19) (12 19) (11 19) (10 19) (9 19) (8 19) 
22,3,1,(27 20),(8 19),244,191,243,(27 20) (26 20) (25 20) (24 20) (23 20) (22 20) (21 20) (20 20) (19 20) (18 20) (17 20) (16 20) (15 20) (14 20) (13 20) (12 20) (11 20) (11 19) (10 19) (9 19) (8 19) 
22,3,2,(27 20),(8 19),139,87,243,(27 20) (27 19) (26 19) (25 19) (24 19) (23 19) (22 19) (21 19) (20 19) (19 19) (18 19) (17 19) (16 19) (15 19) (14 19) (13 19) (12 19) (11 19) (10 19) (9 19) (8 19) 
22,4,1,(27 20),(8 19),83,37,196,(27 20) (26 20) (25 20) (24 20) (23 20) (22 20) (21 20) (20 20) (19 20) (18 20) (17 20) (16 20) (15 20) (14 20) (13 20) (12 20) (11 20) (10 20) (9 20) (8 20) (8 19) 
22,4,2,(27 20),(8 19),62,23,195,(27 20) (27 19) (26 19) (25 19) (24 19) (23 19) (22 19) (21 19) (20 19) (19 19) (18 19) (17 19) (16 19) (15 19) (14 19) (13 19) (12 19) (11 19) (10 19) (9 19) (8 19) 
23,1,1,(7 30),(24 16),333,289,310,(7 30) (8 30) (9 30) (10 30) (10 29) (11 29) (11 28) (12 28) (13 28) (13 27) (14 27) (14 26) (15 26) (15 25) (16 25) (16 24) (17 24) (17 23) (17 22) (18 22) (18 21) (19 21) (20 21) (20 20) (21 20) (21 19) (22 19) (22 18) (23 18) (23 17) (23 16) (24 16) 
23,1,2,(7 30),(24 16),307,192,310,(7 30) (7 29) (7 28) (7 27) (8 27) (9 27) (10 27) (10 26) (11 26) (11 25) (12 25) (13 25) (14 25) (14 24) (14 23) (15 23) (16 23) (17 23) (18 23) (18 22) (19 22) (20 22) (21 22) (21 21) (21 20) (21 19) (22 19) (22 18) (22 17) (22 16) (23 16) (24 16) 
23,2,1,(7 30),(24 16),450,401,395,(7 30) (7 29) (7 28) (7 27) (7 26) (7 25) (7 24) (7 23) (8 23) (9 23) (10 23) (11 23) (12 23) (12 22) (13 22) (13 21) (14 21) (14 20) (15 20) (16 20) (17 20) (17 19) (18 19) (19 19) (19 18) (20 18) (21 18) (21 17) (22 17) (23 17) (23 16) (24 16) 
23,2,2,(7 30),(24 16),387,338,395,(7 30) (7 29) (7 28) (7 27) (7 26) (7 25) (7 24) (7 23) (7 22) (7 21) (7 20) (7 19) (7 18) (7 17) (7 16) (8 16) (9 16) (10 16) (11 16) (12 16) (13 16) (14 16) (15 16) (16 16) (17 16) (18 16) (19 16) (20 16) (21 16) (22 16) (23 16) (24 16) 
23,3,1,(7 30),(24 16),433,381,329,(7 30) (7 29) (7 28) (7 27) (8 27) (9 27) (10 27) (11 27) (12 27) (12 26) (12 25) (12 24) (13 24) (14 24) (15 24) (15 23) (15 22) (15 21) (16 21) (17 21) (18 21) (18 20) (18 19) (18 18) (19 18) (20 18) (21 18) (22 18) (22 17) (22 16) (23 16) (24 16) 
23,3,2,(7 30),(24 16),367,273,329,(7 30) (7 29) (7 28) (7 27) (8 27) (9 27) (10 27) (11 27) (12 27) (12 26) (12 25) (12 24) (13 24) (14 24) (15 24) (15 23) (15 22) (15 21) (16 21) (17 21) (18 21) (18 20) (18 19) (18 18) (19 18) (20 18) (21 18) (22 18) (22 17) (22 16) (23 16) (24 16) 
23,4,1,(7 30),(24 16),454,393,270,(7 30) (7 29) (7 28) (7 27) (7 26) (7 25) (8 25) (9 25) (10 25) (11 25) (12 25) (13 25) (14 25) (15 25) (16 25) (17 25) (18 25) (18 24) (18 23) (18 22) (18 21) (18 20) (19 20) (20 20) (21 20) (22 20) (23 20) (24 20) (24 19) (24 18) (24 17) (24 16) 
23,4,2,(7 30),(24 16),119,51,273,(7 30) (7 29) (7 28) (7 27) (7 26) (7 25) (7 24) (8 24) (9 24) (10 24) (11 24) (12 24) (13 24) (14 24) (15 24) (16 24) (16 23) (16 22) (16 21) (16 20) (16 19) (16 18) (17 18) (18 18) (19 18) (20 18) (21 18) (22 18) (23 18) (24 18) (24 17) (24 16) 
24,1,1,(22 4),(12 21),298,241,270,(22 4) (22 5) (22 6) (22 7) (22 8) (22 9) (22 10) (22 11) (22 12) (21 12) (20 12) (20 13) (20 14) (19 14) (19 15) (18 15) (18 16) (17 16) (17 17) (16 17) (15 17) (15 18) (14 18) (14 19) (13 19) (13 20) (13 21) (12 21) 
24,1,2,(22 4),(12 21),236,144,270,(22 4) (21 4) (21 5) (20 5) (20 6) (20 7) (20 8) (20 9) (20 10) (20 11) (19 11) (19 12) (19 13) (19 14) (18 14) (17 14) (16 14) (16 15) (16 16) (16 17) (16 18) (16 19) (16 20) (15 20) (14 20) (13 20) (12 20) (12 21) 
24,2,1,(22 4),(12 21),368,311,320,(22 4) (22 5) (22 6) (22 7) (22 8) (22 9) (22 10) (22 11) (22 12) (22 13) (22 14) (22 15) (22 16) (21 16) (21 17) (20 17) (20 18) (19 18) (18 18) (17 18) (17 19) (16 19) (15 19) (15 20) (14 20) (13 20) (13 21) (12 21) 
24,2,2,(22 4),(12 21),285,226,320,(22 4) (22 5) (22 6) (22 7) (22 8) (22 9) (22 10) (22 11) (22 12) (22 13) (22 14) (22 15) (22 16) (22 17) (22 18) (22 19) (22 20) (22 21) (21 21) (20 21) (19 21) (18 21) (17 21) (16 21) (15 21) (14 21) (13 21) (12 21) 
24,3,1,(22 4),(12 21),404,336,277,(22 4) (22 5) (22 6) (22 7) (22 8) (21 8) (20 8) (19 8) (19 9) (19 10) (19 11) (19 12) (18 12) (17 12) (17 13) (17 14) (17 15) (17 16) (16 16) (15 16) (15 17) (15 18) (15 19) (15 20) (14 20) (13 20) (12 20) (12 21) 
24,3,2,(22 4),(12 21),252,172,277,(22 4) (22 5) (22 6) (22 7) (22 8) (21 8) (20 8) (19 8) (19 9) (19 10) (19 11) (19 12) (18 12) (17 12) (17 13) (17 14) (17 15) (17 16) (16 16) (15 16) (15 17) (15 18) (15 19) (15 20) (14 20) (13 20) (12 20) (12 21) 
24,4,1,(22 4),(12 21),263,195,235,(22 4) (22 5) (22 6) (22 7) (22 8) (22 9) (22 10) (22 11) (22 12) (21 12) (20 12) (19 12) (18 12) (17 12) (16 12) (16 13) (16 14) (16 15) (16 16) (16 17) (16 18) (16 19) (15 19) (14 19) (13 19) (12 19) (12 20) (12 21) 
24,4,2,(22 4),(12 21),80,28,245,(22 4) (22 5) (22 6) (22 7) (22 8) (22 9) (21 9) (20 9) (19 9) (18 9) (17 9) (16 9) (15 9) (14 9) (13 9) (12 9) (12 10) (12 11) (12 12) (12 13) (12 14) (12 15) (12 16) (12 17) (12 18) (12 19) (12 20) (12 21) 
25,1,1,(13 19),(0 21),70,40,150,(13 19) (12 19) (11 19) (10 19) (9 19) (8 19) (7 19) (6 19) (5 19) (4 19) (3 19) (2 19) (1 19) (1 20) (0 20) (0 21) 
25,1,2,(13 19),(0 21),67,38,150,(13 19) (12 19) (12 20) (11 20) (10 20) (9 20) (8 20) (7 20) (6 20) (5 20) (4 20) (3 20) (2 20) (1 20) (0 20) (0 21) 
25,2,1,(13 19),(0 21),169,128,215,(13 19) (12 19) (11 19) (10 19) (9 19) (8 19) (7 19) (6 19) (5 19) (4 19) (4 20) (3 20) (2 20) (1 20) (1 21) (0 21) 
25,2,2,(13 19),(0 21),122,87,215,(13 19) (13 20) (13 21) (12 21) (11 21) (10 21) (9 21) (8 21) (7 21) (6 21) (5 21) (4 21) (3 21) (2 21) (1 21) (0 21) 
25,3,1,(13 19),(0 21),161,123,176,(13 19) (13 20) (12 20) (11 20) (10 20) (9 20) (8 20) (7 20) (6 20) (5 20) (4 20) (4 21) (3 21) (2 21) (1 21) (0 21) 
25,3,2,(13 19),(0 21),100,57,176,(13 19) (13 20) (12 20) (11 20) (10 20) (9 20) (8 20) (7 20) (6 20) (5 20) (4 20) (4 21) (3 21) (2 21) (1 21) (0 21) 
25,4,1,(13 19),(0 21),58,24,143,(13 19) (12 19) (11 19) (10 19) (9 19) (8 19) (7 19) (6 19) (5 19) (4 19) (3 19) (2 19) (1 19) (0 19) (0 20) (0 21) 
25,4,2,(13 19),(0 21),47,18,131,(13 19) (13 20) (13 21) (12 21) (11 21) (10 21) (9 21) (8 21) (7 21) (6 21) (5 21) (4 21) (3 21) (2 21) (1 21) (0 21) 
26,1,1,(19 26),(29 2),440,368,340,(19 26) (19 25) (19 24) (19 23) (19 22) (19 21) (19 20) (19 19) (19 18) (19 17) (19 16) (19 15) (19 14) (19 13) (19 12) (20 12) (20 11) (21 11) (21 10) (22 10) (22 9) (22 8) (23 8) (23 7) (24 7) (24 6) (25 6) (25 5) (26 5) (26 4) (27 4) (28 4) (28 3) (29 3) (29 2) 
26,1,2,(19 26),(29 2),347,217,340,(19 26) (19 25) (19 24) (19 23) (19 22) (19 21) (20 21) (20 20) (20 19) (20 18) (20 17) (20 16) (20 15) (20 14) (20 13) (20 12) (20 11) (20 10) (20 9) (20 8) (20 7) (20 6) (20 5) (20 4) (20 3) (20 2) (21 2) (22 2) (23 2) (24 2) (25 2) (26 2) (27 2) (28 2) (29 2) 
26,2,1,(19 26),(29 2),505,441,390,(19 26) (19 25) (19 24) (19 23) (19 22) (19 21) (19 20) (19 19) (19 18) (19 17) (19 16) (19 15) (19 14) (19 13) (19 12) (19 11) (19 10) (19 9) (19 8) (19 7) (19 6) (20 6) (21 6) (22 6) (22 5) (22 4) (23 4) (24 4) (25 4) (26 4) (26 3) (27 3) (28 3) (28 2) (29 2) 
26,2,2,(19 26),(29 2),416,346,390,(19 26) (19 25) (19 24) (19 23) (19 22) (19 21) (19 20) (19 19) (19 18) (19 17) (19 16) (19 15) (19 14) (19 13) (19 12) (19 11) (19 10) (19 9) (19 8) (19 7) (19 6) (19 5) (19 4) (19 3) (19 2) (20 2) (21 2) (22 2) (23 2) (24 2) (25 2) (26 2) (27 2) (28 2) (29 2) 
26,3,1,(19 26),(29 2),590,504,345,(19 26) (19 25) (19 24) (19 23) (19 22) (19 21) (20 21) (21 21) (21 20) (21 19) (21 18) (21 17) (22 17) (23 17) (23 16) (23 15) (23 14) (23 13) (24 13) (25 13) (25 12) (25 11) (25 10) (25 9) (26 9) (27 9) (27 8) (27 7) (27 6) (27 5) (28 5) (29 5) (29 4) (29 3) (29 2) 
26,3,2,(19 26),(29 2),368,246,345,(19 26) (19 25) (19 24) (19 23) (19 22) (19 21) (20 21) (21 21) (21 20) (21 19) (21 18) (21 17) (22 17) (23 17) (23 16) (23 15) (23 14) (23 13) (24 13) (25 13) (25 12) (25 11) (25 10) (25 9) (26 9) (27 9) (27 8) (27 7) (27 6) (27 5) (28 5) (29 5) (29 4) (29 3) (29 2) 
26,4,1,(19 26),(29 2),380,303,302,(19 26) (19 25) (19 24) (19 23) (19 22) (19 21) (19 20) (19 19) (19 18) (20 18) (21 18) (22 18) (23 18) (24 18) (24 17) (24 16) (24 15) (24 14) (24 13) (24 12) (24 11) (24 10) (25 10) (26 10) (27 10) (28 10) (28 9) (28 8) (28 7) (28 6) (28 5) (28 4) (28 3) (29 3) (29 2) 
26,4,2,(19 26),(29 2),110,40,310,(19 26) (19 25) (19 24) (19 23) (19 22) (19 21) (19 20) (20 20) (21 20) (22 20) (23 20) (24 20) (25 20) (26 20) (27 20) (28 20) (28 19) (28 18) (28 17) (28 16) (28 15) (28 14) (29 14) (29 13) (29 12) (29 11) (29 10) (29 9) (29 8) (29 7) (29 6) (29 5) (29 4) (29 3) (29 2) 
27,1,1,(8 16),(12 6),89,60,140,(8 16) (8 15) (8 14) (8 13) (8 12) (8 11) (8 10) (8 9) (9 9) (9 8) (10 8) (11 8) (11 7) (11 6) (12 6) 
27,1,2,(8 16),(12 6),64,34,140,(8 16) (8 15) (9 15) (9 14) (10 14) (11 14) (11 13) (12 13) (12 12) (12 11) (12 10) (12 9) (12 8) (12 7) (12 6) 
27,2,1,(8 16),(12 6),103,71,160,(8 16) (8 15) (8 14) (8 13) (8 12) (8 11) (8 10) (8 9) (8 8) (8 7) (9 7) (10 7) (11 7) (11 6) (12 6) 
27,2,2,(8 16),(12 6),78,50,160,(8 16) (8 15) (8 14) (8 13) (8 12) (8 11) (8 10) (8 9) (8 8) (8 7) (8 6) (9 6) (10 6) (11 6) (12 6) 
27,3,1,(8 16),(12 6),103,70,142,(8 16) (8 15) (8 14) (8 13) (8 12) (8 11) (9 11) (10 11) (10 10) (10 9) (10 8) (10 7) (11 7) (12 7) (12 6) 
27,3,2,(8 16),(12 6),71,34,142,(8 16) (8 15) (8 14) (8 13) (8 12) (8 11) (9 11) (10 11) (10 10) (10 9) (10 8) (10 7) (11 7) (12 7) (12 6) 
27,4,1,(8 16),(12 6),70,38,124,(8 16) (8 15) (8 14) (8 13) (8 12) (8 11) (8 10) (8 9) (8 8) (9 8) (10 8) (11 8) (12 8) (12 7) (12 6) 
27,4,2,(8 16),(12 6),41,15,130,(8 16) (8 15) (8 14) (8 13) (8 12) (8 11) (8 10) (9 10) (10 10) (11 10) (12 10) (12 9) (12 8) (12 7) (12 6) 
28,1,1,(3 26),(20 13),357,307,300,(3 26) (4 26) (5 26) (6 26) (7 26) (7 25) (8 25) (9 25) (9 24) (10 24) (10 23) (11 23) (11 22) (12 22) (12 21) (13 21) (13 20) (14 20) (14 19) (15 19) (15 18) (16 18) (16 17) (16 16) (17 16) (18 16) (18 15) (18 14) (19 14) (20 14) (20 13) 
28,1,2,(3 26),(20 13),236,132,300,(3 26) (3 25) (4 25) (4 24) (5 24) (6 24) (6 23) (7 23) (7 22) (7 21) (7 20) (7 19) (7 18) (8 18) (9 18) (10 18) (11 18) (12 18) (12 17) (12 16) (12 15) (12 14) (13 14) (14 14) (14 13) (15 13) (16 13) (17 13) (18 13) (19 13) (20 13) 
28,2,1,(3 26),(20 13),459,417,385,(3 26) (3 25) (3 24) (3 23) (3 22) (3 21) (4 21) (4 20) (5 20) (6 20) (7 20) (8 20) (8 19) (9 19) (9 18) (10 18) (10 17) (11 17) (12 17) (13 17) (13 16) (14 16) (15 16) (15 15) (16 15) (17 15) (17 14) (18 14) (19 14) (19 13) (20 13) 
28,2,2,(3 26),(20 13),397,344,385,(3 26) (3 25) (3 24) (3 23) (3 22) (3 21) (3 20) (3 19) (3 18) (3 17) (3 16) (3 15) (3 14) (3 13) (4 13) (5 13) (6 13) (7 13) (8 13) (9 13) (10 13) (11 13) (12 13) (13 13) (14 13) (15 13) (16 13) (17 13) (18 13) (19 13) (20 13) 
28,3,1,(3 26),(20 13),490,436,321,(3 26) (3 25) (3 24) (3 23) (4 23) (5 23) (6 23) (7 23) (8 23) (8 22) (8 21) (8 20) (9 20) (10 20) (11 20) (11 19) (11 18) (11 17) (12 17) (13 17) (14 17) (15 17) (15 16) (15 15) (16 15) (17 15) (18 15) (19 15) (19 14) (19 13) (20 13) 
28,3,2,(3 26),(20 13),400,288,321,(3 26) (3 25) (3 24) (3 23) (4 23) (5 23) (6 23) (7 23) (8 23) (8 22) (8 21) (8 20) (9 20) (10 20) (11 20) (11 19) (11 18) (11 17) (12 17) (13 17) (14 17) (15 17) (15 16) (15 15) (16 15) (17 15) (18 15) (19 15) (19 14) (19 13) (20 13) 
28,4,1,(3 26),(20 13),475,392,260,(3 26) (3 25) (3 24) (3 23) (3 22) (3 21) (4 21) (5 21) (6 21) (7 21) (8 21) (9 21) (10 21) (11 21) (12 21) (13 21) (14 21) (14 20) (14 19) (14 18) (14 17) (14 16) (15 16) (16 16) (17 16) (18 16) (19 16) (20 16) (20 15) (20 14) (20 13) 
28,4,2,(3 26),(20 13),107,43,263,(3 26) (3 25) (3 24) (3 23) (3 22) (3 21) (3 20) (4 20) (5 20) (6 20) (7 20) (8 20) (9 20) (10 20) (11 20) (12 20) (12 19) (12 18) (12 17) (12 16) (12 15) (12 14) (13 14) (14 14) (15 14) (16 14) (17 14) (18 14) (19 14) (20 14) (20 13) 
29,1,1,(12 29),(2 30),34,20,110,(12 29) (11 29) (10 29) (9 29) (8 29) (7 29) (6 29) (5 29) (4 29) (3 29) (3 30) (2 30) 
29,1,2,(12 29),(2 30),35,22,110,(12 29) (11 29) (11 30) (10 30) (9 30) (8 30) (7 30) (6 30) (5 30) (4 30) (3 30) (2 30) 
29,2,1,(12 29),(2 30),67,50,160,(12 29) (11 29) (10 29) (9 29) (8 29) (7 29) (6 29) (5 29) (4 29) (3 29) (3 30) (2 30) 
29,2,2,(12 29),(2 30),52,37,160,(12 29) (12 30) (11 30) (10 30) (9 30) (8 30) (7 30) (6 30) (5 30) (4 30) (3 30) (2 30) 
29,3,1,(12 29),(2 30),74,56,135,(12 29) (12 30) (11 30) (10 30) (9 30) (8 30) (7 30) (6 30) (5 30) (4 30) (3 30) (2 30) 
29,3,2,(12 29),(2 30),47,27,135,(12 29) (12 30) (11 30) (10 30) (9 30) (8 30) (7 30) (6 30) (5 30) (4 30) (3 30) (2 30) 
29,4,1,(12 29),(2 30),42,17,115,(12 29) (11 29) (10 29) (9 29) (8 29) (7 29) (6 29) (5 29) (4 29) (3 29) (2 29) (2 30) 
29,4,2,(12 29),(2 30),25,14,105,(12 29) (12 30) (11 30) (10 30) (9 30) (8 30) (7 30) (6 30) (5 30) (4 30) (3 30) (2 30) 
30,1,1,(18 26),(11 25),33,16,80,(18 26) (17 26) (16 26) (15 26) (14 26) (13 26) (12 26) (11 26) (11 25) 
30,1,2,(18 26),(11 25),33,16,80,(18 26) (17 26) (16 26) (15 26) (14 26) (14 25) (13 25) (12 25) (11 25) 
30,2,1,(18 26),(11 25),59,38,115,(18 26) (17 26) (16 26) (15 26) (14 26) (13 26) (12 26) (12 25) (11 25) 
30,2,2,(18 26),(11 25),43,25,115,(18 26) (18 25) (17 25) (16 25) (15 25) (14 25) (13 25) (12 25) (11 25) 
30,3,1,(18 26),(11 25),47,24,93,(18 26) (18 25) (17 25) (16 25) (15 25) (14 25) (13 25) (12 25) (11 25) 
30,3,2,(18 26),(11 25),28,12,93,(18 26) (18 25) (17 25) (16 25) (15 25) (14 25) (13 25) (12 25) (11 25) 
30,4,1,(18 26),(11 25),47,22,87,(18 26) (18 25) (17 25) (16 25) (15 25) (14 25) (13 25) (12 25) (11 25) 
30,4,2,(18 26),(11 25),26,11,87,(18 26) (18 25) (17 25) (16 25) (15 25) (14 25) (13 25) (12 25) (11 25) 
31,1,1,(19 11),(20 30),70,31,200,(19 11) (19 12) (19 13) (19 14) (19 15) (19 16) (19 17) (19 18) (19 19) (19 20) (19 21) (19 22) (19 23) (19 24) (19 25) (19 26) (19 27) (19 28) (19 29) (19 30) (20 30) 
31,1,2,(19 11),(20 30),80,40,200,(19 11) (20 11) (20 12) (20 13) (20 14) (20 15) (20 16) (20 17) (20 18) (20 19) (20 20) (20 21) (20 22) (20 23) (20 24) (20 25) (20 26) (20 27) (20 28) (20 29) (20 30) 
31,2,1,(19 11),(20 30),62,23,205,(19 11) (19 12) (19 13) (19 14) (19 15) (19 16) (19 17) (19 18) (19 19) (19 20) (19 21) (19 22) (19 23) (19 24) (19 25) (19 26) (19 27) (19 28) (19 29) (19 30) (20 30) 
31,2,2,(19 11),(20 30),62,23,205,(19 11) (19 12) (19 13) (19 14) (19 15) (19 16) (19 17) (19 18) (19 19) (19 20) (19 21) (19 22) (19 23) (19 24) (19 25) (19 26) (19 27) (19 28) (19 29) (19 30) (20 30) 
31,3,1,(19 11),(20 30),78,30,200,(19 11) (19 12) (19 13) (19 14) (19 15) (19 16) (19 17) (19 18) (19 19) (19 20) (19 21) (19 22) (19 23) (19 24) (19 25) (19 26) (19 27) (19 28) (20 28) (20 29) (20 30) 
31,3,2,(19 11),(20 30),74,35,200,(19 11) (19 12) (19 13) (19 14) (19 15) (19 16) (20 16) (20 17) (20 18) (20 19) (20 20) (20 21) (20 22) (20 23) (20 24) (20 25) (20 26) (20 27) (20 28) (20 29) (20 30) 
31,4,1,(19 11),(20 30),76,29,195,(19 11) (19 12) (19 13) (19 14) (19 15) (19 16) (19 17) (19 18) (19 19) (19 20) (19 21) (20 21) (20 22) (20 23) (20 24) (20 25) (20 26) (20 27) (20 28) (20 29) (20 30) 
31,4,2,(19 11),(20 30),61,22,199,(19 11) (19 12) (19 13) (19 14) (19 15) (19 16) (19 17) (20 17) (20 18) (20 19) (20 20) (20 21) (20 22) (20 23) (20 24) (20 25) (20 26) (20 27) (20 28) (20 29) (20 30) 
32,1,1,(27 23),(4 10),515,446,360,(27 23) (26 23) (25 23) (24 23) (23 23) (22 23) (21 23) (20 23) (19 23) (18 23) (17 23) (17 22) (16 22) (15 22) (15 21) (15 20) (14 20) (14 19) (13 19) (12 19) (12 18) (12 17) (11 17) (10 17) (10 16) (9 16) (9 15) (9 14) (8 14) (7 14) (7 13) (7 12) (6 12) (6 11) (5 11) (5 10) (4 10) 
32,1,2,(27 23),(4 10),284,172,360,(27 23) (26 23) (25 23) (24 23) (24 22) (23 22) (22 22) (22 21) (21 21) (20 21) (19 21) (19 20) (19 19) (19 18) (19 17) (19 16) (18 16) (17 16) (16 16) (15 16) (14 16) (13 16) (12 16) (11 16) (10 16) (9 16) (9 15) (9 14) (8 14) (7 14) (6 14) (5 14) (4 14) (4 13) (4 12) (4 11) (4 10) 
32,2,1,(27 23),(4 10),681,628,475,(27 23) (27 22) (27 21) (26 21) (26 20) (25 20) (24 20) (24 19) (23 19) (22 19) (22 18) (21 18) (21 17) (20 17) (19 17) (18 17) (17 17) (17 16) (16 16) (15 16) (15 15) (14 15) (13 15) (13 14) (12 14) (11 14) (11 13) (11 12) (10 12) (9 12) (8 12) (8 11) (7 11) (6 11) (5 11) (5 10) (4 10) 
32,2,2,(27 23),(4 10),566,501,475,(27 23) (27 22) (27 21) (27 20) (27 19) (27 18) (27 17) (27 16) (27 15) (27 14) (27 13) (27 12) (27 11) (27 10) (26 10) (25 10) (24 10) (23 10) (22 10) (21 10) (20 10) (19 10) (18 10) (17 10) (16 10) (15 10) (14 10) (13 10) (12 10) (11 10) (10 10) (9 10) (8 10) (7 10) (6 10) (5 10) (4 10) 
32,3,1,(27 23),(4 10),740,668,393,(27 23) (27 22) (27 21) (27 20) (26 20) (25 20) (24 20) (23 20) (22 20) (21 20) (21 19) (21 18) (20 18) (19 18) (18 18) (17 18) (17 17) (17 16) (16 16) (15 16) (14 16) (13 16) (13 15) (13 14) (12 14) (11 14) (10 14) (9 14) (9 13) (9 12) (8 12) (7 12) (6 12) (5 12) (5 11) (5 10) (4 10) 
32,3,2,(27 23),(4 10),545,433,393,(27 23) (27 22) (27 21) (27 20) (26 20) (25 20) (24 20) (23 20) (22 20) (21 20) (21 19) (21 18) (20 18) (19 18) (18 18) (17 18) (17 17) (17 16) (16 16) (15 16) (14 16) (13 16) (13 15) (13 14) (12 14) (11 14) (10 14) (9 14) (9 13) (9 12) (8 12) (7 12) (6 12) (5 12) (5 11) (5 10) (4 10) 
32,4,1,(27 23),(4 10),639,549,311,(27 23) (27 22) (27 21) (27 20) (27 19) (26 19) (25 19) (24 19) (23 19) (22 19) (21 19) (20 19) (19 19) (18 19) (17 19) (16 19) (15 19) (14 19) (14 18) (14 17) (14 16) (14 15) (13 15) (12 15) (11 15) (10 15) (9 15) (8 15) (7 15) (7 14) (7 13) (7 12) (7 11) (6 11) (5 11) (4 11) (4 10) 
32,4,2,(27 23),(4 10),134,59,309,(27 23) (27 22) (27 21) (27 20) (27 19) (27 18) (26 18) (25 18) (24 18) (23 18) (22 18) (21 18) (20 18) (19 18) (18 18) (17 18) (16 18) (16 17) (16 16) (16 15) (16 14) (16 13) (15 13) (14 13) (13 13) (12 13) (11 13) (10 13) (9 13) (8 13) (8 12) (8 11) (8 10) (7 10) (6 10) (5 10) (4 10) 
33,1,1,(16 18),(1 8),267,213,250,(16 18) (15 18) (14 18) (13 18) (12 18) (11 18) (11 17) (10 17) (10 16) (9 16) (9 15) (8 15) (7 15) (7 14) (7 13) (6 13) (6 12) (5 12) (5 11) (4 11) (3 11) (3 10) (3 9) (2 9) (1 9) (1 8) 
33,1,2,(16 18),(1 8),131,73,250,(16 18) (15 18) (14 18) (13 18) (13 17) (12 17) (11 17) (11 16) (10 16) (9 16) (8 16) (8 15) (8 14) (8 13) (8 12) (8 11) (7 11) (6 11) (6 10) (5 10) (4 10) (3 10) (2 10) (2 9) (1 9) (1 8) 
33,2,1,(16 18),(1 8),425,360,325,(16 18) (16 17) (16 16) (16 15) (15 15) (14 15) (13 15) (13 14) (13 13) (12 13) (11 13) (10 13) (10 12) (9 12) (9 11) (8 11) (7 11) (6 11) (6 10) (5 10) (5 9) (4 9) (3 9) (2 9) (2 8) (1 8) 
33,2,2,(16 18),(1 8),298,242,325,(16 18) (16 17) (16 16) (16 15) (16 14) (16 13) (16 12) (16 11) (16 10) (16 9) (16 8) (15 8) (14 8) (13 8) (12 8) (11 8) (10 8) (9 8) (8 8) (7 8) (6 8) (5 8) (4 8) (3 8) (2 8) (1 8) 
33,3,1,(16 18),(1 8),376,314,269,(16 18) (16 17) (16 16) (16 15) (15 15) (14 15) (13 15) (12 15) (11 15) (11 14) (11 13) (11 12) (10 12) (9 12) (8 12) (7 12) (7 11) (7 10) (6 10) (5 10) (4 10) (3 10) (3 9) (3 8) (2 8) (1 8) 
33,3,2,(16 18),(1 8),252,170,269,(16 18) (16 17) (16 16) (16 15) (15 15) (14 15) (13 15) (12 15) (11 15) (11 14) (11 13) (11 12) (10 12) (9 12) (8 12) (7 12) (7 11) (7 10) (6 10) (5 10) (4 10) (3 10) (3 9) (3 8) (2 8) (1 8) 
33,4,1,(16 18),(1 8),337,256,214,(16 18) (16 17) (16 16) (16 15) (16 14) (15 14) (14 14) (13 14) (12 14) (11 14) (10 14) (9 14) (8 14) (7 14) (6 14) (5 14) (4 14) (4 13) (4 12) (4 11) (4 10) (4 9) (3 9) (2 9) (1 9) (1 8) 
33,4,2,(16 18),(1 8),78,31,211,(16 18) (16 17) (16 16) (16 15) (16 14) (16 13) (15 13) (14 13) (13 13) (12 13) (11 13) (10 13) (9 13) (8 13) (7 13) (6 13) (5 13) (5 12) (5 11) (5 10) (5 9) (5 8) (4 8) (3 8) (2 8) (1 8) 
34,1,1,(0 4),(22 30),700,648,480,(0 4) (0 5) (0 6) (0 7) (1 7) (1 8) (1 9) (2 9) (2 10) (3 10) (3 11) (4 11) (4 12) (4 13) (4 14) (5 14) (6 14) (7 14) (7 15) (8 15) (8 16) (8 17) (9 17) (9 18) (10 18) (11 18) (11 19) (11 20) (12 20) (13 20) (13 21) (14 21) (14 22) (14 23) (15 23) (15 24) (16 24) (17 24) (17 25) (18 25) (18 26) (19 26) (19 27) (20 27) (20 28) (20 29) (21 29) (22 29) (22 30) 
34,1,2,(0 4),(22 30),471,263,480,(0 4) (1 4) (2 4) (3 4) (3 5) (3 6) (3 7) (4 7) (4 8) (5 8) (5 9) (5 10) (5 11) (6 11) (6 12) (6 13) (6 14) (7 14) (7 15) (7 16) (8 16) (9 16) (9 17) (10 17) (11 17) (12 17) (13 17) (14 17) (15 17) (16 17) (17 17) (18 17) (19 17) (20 17) (20 18) (21 18) (21 19) (21 20) (21 21) (21 22) (21 23) (21 24) (22 24) (22 25) (22 26) (22 27) (22 28) (22 29) (22 30) 
34,2,1,(0 4),(22 30),704,674,590,(0 4) (0 5) (0 6) (0 7) (0 8) (0 9) (0 10) (0 11) (0 12) (0 13) (0 14) (0 15) (0 16) (0 17) (0 18) (0 19) (0 20) (1 20) (2 20) (3 20) (3 21) (3 22) (4 22) (5 22) (6 22) (6 23) (7 23) (8 23) (9 23) (10 23) (10 24) (11 24) (11 25) (12 25) (12 26) (13 26) (14 26) (15 26) (15 27) (16 27) (17 27) (17 28) (18 28) (18 29) (19 29) (20 29) (21 29) (21 30) (22 30) 
34,2,2,(0 4),(22 30),706,664,590,(0 4) (0 5) (0 6) (0 7) (0 8) (0 9) (0 10) (0 11) (0 12) (0 13) (0 14) (0 15) (0 16) (0 17) (0 18) (0 19) (0 20) (0 21) (0 22) (0 23) (0 24) (0 25) (0 26) (0 27) (0 28) (0 29) (0 30) (1 30) (2 30) (3 30) (4 30) (5 30) (6 30) (7 30) (8 30) (9 30) (10 30) (11 30) (12 30) (13 30) (14 30) (15 30) (16 30) (17 30) (18 30) (19 30) (20 30) (21 30) (22 30) 
34,3,1,(0 4),(22 30),869,833,500,(0 4) (0 5) (0 6) (0 7) (0 8) (1 8) (2 8) (3 8) (3 9) (3 10) (3 11) (3 12) (4 12) (5 12) (6 12) (6 13) (6 14) (6 15) (7 15) (8 15) (9 15) (9 16) (9 17) (9 18) (10 18) (11 18) (12 18) (12 19) (12 20) (12 21) (13 21) (14 21) (15 21) (15 22) (15 23) (15 24) (16 24) (17 24) (18 24) (18 25) (18 26) (18 27) (19 27) (20 27) (21 27) (21 28) (21 29) (21 30) (22 30) 
34,3,2,(0 4),(22 30),757,633,500,(0 4) (0 5) (0 6) (0 7) (0 8) (1 8) (2 8) (3 8) (3 9) (3 10) (3 11) (3 12) (4 12) (5 12) (6 12) (6 13) (6 14) (6 15) (7 15) (8 15) (9 15) (9 16) (9 17) (9 18) (10 18) (11 18) (12 18) (12 19) (12 20) (12 21) (13 21) (14 21) (15 21) (15 22) (15 23) (15 24) (16 24) (17 24) (18 24) (18 25) (18 26) (18 27) (19 27) (20 27) (21 27) (21 28) (21 29) (21 30) (22 30) 
34,4,1,(0 4),(22 30),811,722,413,(0 4) (0 5) (0 6) (0 7) (0 8) (0 9) (0 10) (1 10) (2 10) (3 10) (4 10) (5 10) (6 10) (7 10) (8 10) (9 10) (9 11) (9 12) (9 13) (9 14) (9 15) (9 16) (10 16) (11 16) (12 16) (13 16) (14 16) (14 17) (14 18) (14 19) (14 20) (14 21) (14 22) (15 22) (16 22) (17 22) (18 22) (19 22) (19 23) (19 24) (19 25) (19 26) (19 27) (19 28) (20 28) (21 28) (22 28) (22 29) (22 30) 
34,4,2,(0 4),(22 30),143,59,425,(0 4) (0 5) (0 6) (0 7) (0 8) (0 9) (1 9) (2 9) (3 9) (4 9) (5 9) (6 9) (7 9) (8 9) (9 9) (10 9) (11 9) (11 10) (11 11) (11 12) (11 13) (11 14) (12 14) (13 14) (14 14) (15 14) (16 14) (17 14) (17 15) (17 16) (17 17) (17 18) (17 19) (18 19) (19 19) (20 19) (21 19) (22 19) (22 20) (22 21) (22 22) (22 23) (22 24) (22 25) (22 26) (22 27) (22 28) (22 29) (22 30) 
35,1,1,(24 13),(21 19),50,31,90,(24 13) (24 14) (24 15) (24 16) (24 17) (23 17) (23 18) (22 18) (22 19) (21 19) 
35,1,2,(24 13),(21 19),44,25,90,(24 13) (23 13) (23 14) (22 14) (22 15) (22 16) (21 16) (21 17) (21 18) (21 19) 
35,2,1,(24 13),(21 19),54,33,105,(24 13) (24 14) (24 15) (24 16) (24 17) (24 18) (23 18) (22 18) (22 19) (21 19) 
35,2,2,(24 13),(21 19),44,26,105,(24 13) (24 14) (24 15) (24 16) (24 17) (24 18) (24 19) (23 19) (22 19) (21 19) 
35,3,1,(24 13),(21 19),52,30,92,(24 13) (24 14) (24 15) (24 16) (24 17) (23 17) (22 17) (21 17) (21 18) (21 19) 
35,3,2,(24 13),(21 19),38,18,92,(24 13) (24 14) (24 15) (24 16) (24 17) (23 17) (22 17) (21 17) (21 18) (21 19) 
35,4,1,(24 13),(21 19),40,22,87,(24 13) (24 14) (24 15) (24 16) (24 17) (24 18) (23 18) (22 18) (21 18) (21 19) 
35,4,2,(24 13),(21 19),27,10,87,(24 13) (24 14) (24 15) (24 16) (24 17) (24 18) (23 18) (22 18) (21 18) (21 19) 
36,1,1,(12 29),(7 0),312,251,340,(12 29) (12 28) (12 27) (12 26) (12 25) (12 24) (12 23) (12 22) (12 21) (12 20) (12 19) (12 18) (12 17) (12 16) (12 15) (12 14) (12 13) (12 12) (12 11) (12 10) (12 9) (12 8) (12 7) (12 6) (12 5) (12 4) (11 4) (10 4) (10 3) (9 3) (9 2) (8 2) (8 1) (8 0) (7 0) 
36,1,2,(12 29),(7 0),196,111,340,(12 29) (12 28) (12 27) (12 26) (11 26) (10 26) (10 25) (9 25) (8 25) (8 24) (8 23) (8 22) (7 22) (7 21) (7 20) (7 19) (7 18) (7 17) (7 16) (7 15) (7 14) (7 13) (7 12) (7 11) (7 10) (7 9) (7 8) (7 7) (7 6) (7 5) (7 4) (7 3) (7 2) (7 1) (7 0) 
36,2,1,(12 29),(7 0),298,237,365,(12 29) (12 28) (12 27) (12 26) (12 25) (12 24) (12 23) (12 22) (12 21) (12 20) (12 19) (12 18) (12 17) (12 16) (12 15) (12 14) (12 13) (12 12) (12 11) (12 10) (12 9) (12 8) (12 7) (12 6) (12 5) (12 4) (12 3) (12 2) (11 2) (10 2) (10 1) (9 1) (8 1) (8 0) (7 0) 
36,2,2,(12 29),(7 0),247,184,365,(12 29) (12 28) (12 27) (12 26) (12 25) (12 24) (12 23) (12 22) (12 21) (12 20) (12 19) (12 18) (12 17) (12 16) (12 15) (12 14) (12 13) (12 12) (12 11) (12 10) (12 9) (12 8) (12 7) (12 6) (12 5) (12 4) (12 3) (12 2) (12 1) (12 0) (11 0) (10 0) (9 0) (8 0) (7 0) 
36,3,1,(12 29),(7 0),402,331,340,(12 29) (12 28) (12 27) (12 26) (12 25) (12 24) (11 24) (11 23) (11 22) (11 21) (11 20) (11 19) (10 19) (10 18) (10 17) (10 16) (10 15) (10 14) (9 14) (9 13) (9 12) (9 11) (9 10) (9 9) (8 9) (8 8) (8 7) (8 6) (8 5) (8 4) (7 4) (7 3) (7 2) (7 1) (7 0) 
36,3,2,(12 29),(7 0),148,84,340,(12 29) (12 28) (12 27) (12 26) (12 25) (12 24) (11 24) (11 23) (11 22) (11 21) (11 20) (11 19) (10 19) (10 18) (10 17) (10 16) (10 15) (10 14) (9 14) (9 13) (9 12) (9 11) (9 10) (9 9) (8 9) (8 8) (8 7) (8 6) (8 5) (8 4) (7 4) (7 3) (7 2) (7 1) (7 0) 
36,4,1,(12 29),(7 0),287,208,317,(12 29) (12 28) (12 27) (12 26) (12 25) (12 24) (12 23) (12 22) (12 21) (12 20) (12 19) (11 19) (10 19) (10 18) (10 17) (10 16) (10 15) (10 14) (10 13) (10 12) (10 11) (10 10) (9 10) (8 10) (8 9) (8 8) (8 7) (8 6) (8 5) (8 4) (8 3) (8 2) (8 1) (7 1) (7 0) 
36,4,2,(12 29),(7 0),101,35,330,(12 29) (12 28) (12 27) (12 26) (12 25) (12 24) (11 24) (10 24) (9 24) (8 24) (7 24) (7 23) (7 22) (7 21) (7 20) (7 19) (7 18) (7 17) (7 16) (7 15) (7 14) (7 13) (7 12) (7 11) (7 10) (7 9) (7 8) (7 7) (7 6) (7 5) (7 4) (7 3) (7 2) (7 1) (7 0) 
37,1,1,(10 22),(6 24),24,12,60,(10 22) (9 22) (8 22) (7 22) (7 23) (7 24) (6 24) 
37,1,2,(10 22),(6 24),28,15,60,(10 22) (9 22) (9 23) (8 23) (7 23) (6 23) (6 24) 
37,2,1,(10 22),(6 24),38,22,80,(10 22) (9 22) (9 23) (8 23) (7 23) (7 24) (6 24) 
37,2,2,(10 22),(6 24),30,16,80,(10 22) (10 23) (10 24) (9 24) (8 24) (7 24) (6 24) 
37,3,1,(10 22),(6 24),34,17,66,(10 22) (10 23) (10 24) (9 24) (8 24) (7 24) (6 24) 
37,3,2,(10 22),(6 24),20,9,66,(10 22) (10 23) (10 24) (9 24) (8 24) (7 24) (6 24) 
37,4,1,(10 22),(6 24),34,17,66,(10 22) (10 23) (10 24) (9 24) (8 24) (7 24) (6 24) 
37,4,2,(10 22),(6 24),20,9,66,(10 22) (10 23) (10 24) (9 24) (8 24) (7 24) (6 24) 
38,1,1,(15 14),(19 20),58,37,100,(15 14) (15 15) (15 16) (16 16) (16 17) (16 18) (17 18) (17 19) (18 19) (19 19) (19 20) 
38,1,2,(15 14),(19 20),50,26,100,(15 14) (16 14) (16 15) (17 15) (17 16) (17 17) (18 17) (18 18) (18 19) (19 19) (19 20) 
38,2,1,(15 14),(19 20),71,47,120,(15 14) (15 15) (15 16) (15 17) (15 18) (16 18) (16 19) (17 19) (18 19) (18 20) (19 20) 
38,2,2,(15 14),(19 20),58,35,120,(15 14) (15 15) (15 16) (15 17) (15 18) (15 19) (15 20) (16 20) (17 20) (18 20) (19 20) 
38,3,1,(15 14),(19 20),66,42,104,(15 14) (15 15) (15 16) (15 17) (15 18) (16 18) (17 18) (18 18) (19 18) (19 19) (19 20) 
38,3,2,(15 14),(19 20),51,28,104,(15 14) (15 15) (15 16) (15 17) (15 18) (16 18) (17 18) (18 18) (19 18) (19 19) (19 20) 
38,4,1,(15 14),(19 20),48,28,94,(15 14) (15 15) (15 16) (15 17) (15 18) (15 19) (16 19) (17 19) (18 19) (19 19) (19 20) 
38,4,2,(15 14),(19 20),30,11,94,(15 14) (15 15) (15 16) (15 17) (15 18) (15 19) (16 19) (17 19) (18 19) (19 19) (19 20) 
39,1,1,(28 11),(16 5),146,110,180,(28 11) (27 11) (26 11) (25 11) (24 11) (23 11) (22 11) (21 11) (21 10) (21 9) (20 9) (20 8) (19 8) (19 7) (18 7) (18 6) (17 6) (17 5) (16 5) 
39,1,2,(28 11),(16 5),95,54,180,(28 11) (27 11) (26 11) (25 11) (25 10) (24 10) (23 10) (23 9) (22 9) (21 9) (20 9) (19 9) (19 8) (18 8) (18 7) (17 7) (16 7) (16 6) (16 5) 
39,2,1,(28 11),(16 5),218,183,240,(28 11) (27 11) (27 10) (26 10) (26 9) (25 9) (25 8) (24 8) (23 8) (22 8) (22 7) (21 7) (20 7) (19 7) (19 6) (18 6) (17 6) (17 5) (16 5) 
39,2,2,(28 11),(16 5),171,136,240,(28 11) (28 10) (28 9) (28 8) (28 7) (28 6) (28 5) (27 5) (26 5) (25 5) (24 5) (23 5) (22 5) (21 5) (20 5) (19 5) (18 5) (17 5) (16 5) 
39,3,1,(28 11),(16 5),212,174,198,(28 11) (28 10) (28 9) (27 9) (26 9) (25 9) (24 9) (23 9) (22 9) (21 9) (21 8) (21 7) (20 7) (19 7) (18 7) (17 7) (17 6) (17 5) (16 5) 
39,3,2,(28 11),(16 5),144,89,198,(28 11) (28 10) (28 9) (27 9) (26 9) (25 9) (24 9) (23 9) (22 9) (21 9) (21 8) (21 7) (20 7) (19 7) (18 7) (17 7) (17 6) (17 5) (16 5) 
39,4,1,(28 11),(16 5),123,70,158,(28 11) (28 10) (28 9) (28 8) (27 8) (26 8) (25 8) (24 8) (23 8) (22 8) (21 8) (20 8) (19 8) (18 8) (17 8) (16 8) (16 7) (16 6) (16 5) 
39,4,2,(28 11),(16 5),58,22,156,(28 11) (28 10) (28 9) (28 8) (28 7) (28 6) (27 6) (26 6) (25 6) (24 6) (23 6) (22 6) (21 6) (20 6) (19 6) (18 6) (17 6) (16 6) (16 5) 
40,1,1,(22 13),(1 4),337,272,300,(22 13) (21 13) (20 13) (19 13) (18 13) (17 13) (16 13) (15 13) (14 13) (13 13) (12 13) (11 13) (10 13) (10 12) (9 12) (8 12) (8 11) (8 10) (7 10) (6 10) (6 9) (6 8) (5 8) (4 8) (4 7) (4 6) (3 6) (3 5) (2 5) (1 5) (1 4) 
40,1,2,(22 13),(1 4),251,151,300,(22 13) (21 13) (20 13) (19 13) (19 12) (18 12) (17 12) (17 11) (16 11) (15 11) (14 11) (13 11) (13 10) (12 10) (12 9) (11 9) (10 9) (9 9) (8 9) (7 9) (6 9) (5 9) (4 9) (4 8) (4 7) (3 7) (2 7) (1 7) (1 6) (1 5) (1 4) 
40,2,1,(22 13),(1 4),555,492,405,(22 13) (21 13) (20 13) (19 13) (19 12) (18 12) (18 11) (17 11) (16 11) (15 11) (14 11) (14 10) (13 10) (12 10) (12 9) (11 9) (10 9) (10 8) (9 8) (8 8) (8 7) (7 7) (7 6) (6 6) (5 6) (4 6) (4 5) (3 5) (2 5) (2 4) (1 4) 
40,2,2,(22 13),(1 4),436,372,405,(22 13) (22 12) (22 11) (22 10) (22 9) (22 8) (22 7) (22 6) (22 5) (22 4) (21 4) (20 4) (19 4) (18 4) (17 4) (16 4) (15 4) (14 4) (13 4) (12 4) (11 4) (10 4) (9 4) (8 4) (7 4) (6 4) (5 4) (4 4) (3 4) (2 4) (1 4) 
40,3,1,(22 13),(1 4),558,481,334,(22 13) (22 12) (22 11) (21 11) (20 11) (19 11) (18 11) (17 11) (16 11) (15 11) (15 10) (15 9) (14 9) (13 9) (12 9) (11 9) (11 8) (11 7) (10 7) (9 7) (8 7) (7 7) (7 6) (7 5) (6 5) (5 5) (4 5) (3 5) (2 5) (2 4) (1 4) 
40,3,2,(22 13),(1 4),381,293,334,(22 13) (22 12) (22 11) (21 11) (20 11) (19 11) (18 11) (17 11) (16 11) (15 11) (15 10) (15 9) (14 9) (13 9) (12 9) (11 9) (11 8) (11 7) (10 7) (9 7) (8 7) (7 7) (7 6) (7 5) (6 5) (5 5) (4 5) (3 5) (2 5) (2 4) (1 4) 
40,4,1,(22 13),(1 4),448,360,265,(22 13) (22 12) (22 11) (22 10) (21 10) (20 10) (19 10) (18 10) (17 10) (16 10) (15 10) (14 10) (13 10) (12 10) (11 10) (10 10) (9 10) (8 10) (8 9) (8 8) (8 7) (8 6) (7 6) (6 6) (5 6) (4 6) (3 6) (2 6) (1 6) (1 5) (1 4) 
40,4,2,(22 13),(1 4),107,43,267,(22 13) (22 12) (22 11) (22 10) (22 9) (22 8) (21 8) (20 8) (19 8) (18 8) (17 8) (16 8) (15 8) (14 8) (13 8) (12 8) (11 8) (10 8) (10 7) (10 6) (10 5) (10 4) (9 4) (8 4) (7 4) (6 4) (5 4) (4 4) (3 4) (2 4) (1 4) 
41,1,1,(23 20),(11 16),118,83,160,(23 20) (22 20) (21 20) (20 20) (19 20) (18 20) (17 20) (16 20) (15 20) (15 19) (14 19) (13 19) (13 18) (12 18) (12 17) (11 17) (11 16) 
41,1,2,(23 20),(11 16),105,60,160,(23 20) (22 20) (21 20) (20 20) (20 19) (19 19) (18 19) (18 18) (17 18) (16 18) (15 18) (14 18) (13 18) (13 17) (12 17) (11 17) (11 16) 
41,2,1,(23 20),(11 16),194,151,220,(23 20) (22 20) (21 20) (20 20) (19 20) (18 20) (18 19) (17 19) (16 19) (16 18) (15 18) (14 18) (14 17) (13 17) (12 17) (12 16) (11 16) 
41,2,2,(23 20),(11 16),143,105,220,(23 20) (23 19) (23 18) (23 17) (23 16) (22 16) (21 16) (20 16) (19 16) (18 16) (17 16) (16 16) (15 16) (14 16) (13 16) (12 16) (11 16) 
41,3,1,(23 20),(11 16),193,152,182,(23 20) (23 19) (23 18) (22 18) (21 18) (20 18) (19 18) (18 18) (17 18) (16 18) (16 17) (16 16) (15 16) (14 16) (13 16) (12 16) (11 16) 
41,3,2,(23 20),(11 16),124,71,182,(23 20) (23 19) (23 18) (22 18) (21 18) (20 18) (19 18) (18 18) (17 18) (16 18) (16 17) (16 16) (15 16) (14 16) (13 16) (12 16) (11 16) 
41,4,1,(23 20),(11 16),105,55,142,(23 20) (23 19) (23 18) (22 18) (21 18) (20 18) (19 18) (18 18) (17 18) (16 18) (15 18) (14 18) (13 18) (12 18) (11 18) (11 17) (11 16) 
41,4,2,(23 20),(11 16),48,17,136,(23 20) (23 19) (23 18) (23 17) (23 16) (22 16) (21 16) (20 16) (19 16) (18 16) (17 16) (16 16) (15 16) (14 16) (13 16) (12 16) (11 16) 
42,1,1,(3 24),(1 19),36,20,70,(3 24) (3 23) (3 22) (3 21) (2 21) (2 20) (2 19) (1 19) 
42,1,2,(3 24),(1 19),33,18,70,(3 24) (3 23) (3 22) (3 21) (3 20) (2 20) (1 20) (1 19) 
42,2,1,(3 24),(1 19),38,22,80,(3 24) (3 23) (3 22) (3 21) (3 20) (2 20) (2 19) (1 19) 
42,2,2,(3 24),(1 19),28,14,80,(3 24) (3 23) (3 22) (3 21) (3 20) (3 19) (2 19) (1 19) 
42,3,1,(3 24),(1 19),29,15,71,(3 24) (3 23) (3 22) (3 21) (3 20) (3 19) (2 19) (1 19) 
42,3,2,(3 24),(1 19),22,9,71,(3 24) (3 23) (3 22) (3 21) (3 20) (3 19) (2 19) (1 19) 
42,4,1,(3 24),(1 19),28,13,69,(3 24) (3 23) (3 22) (3 21) (3 20) (3 19) (2 19) (1 19) 
42,4,2,(3 24),(1 19),21,8,69,(3 24) (3 23) (3 22) (3 21) (3 20) (3 19) (2 19) (1 19) 
43,1,1,(13 4),(15 19),92,57,170,(13 4) (13 5) (13 6) (13 7) (13 8) (13 9) (13 10) (13 11) (13 12) (13 13) (13 14) (13 15) (13 16) (13 17) (14 17) (14 18) (14 19) (15 19) 
43,1,2,(13 4),(15 19),77,42,170,(13 4) (14 4) (14 5) (15 5) (15 6) (15 7) (15 8) (15 9) (15 10) (15 11) (15 12) (15 13) (15 14) (15 15) (15 16) (15 17) (15 18) (15 19) 
43,2,1,(13 4),(15 19),95,59,180,(13 4) (13 5) (13 6) (13 7) (13 8) (13 9) (13 10) (13 11) (13 12) (13 13) (13 14) (13 15) (13 16) (13 17) (13 18) (14 18) (14 19) (15 19) 
43,2,2,(13 4),(15 19),80,46,180,(13 4) (13 5) (13 6) (13 7) (13 8) (13 9) (13 10) (13 11) (13 12) (13 13) (13 14) (13 15) (13 16) (13 17) (13 18) (13 19) (14 19) (15 19) 
43,3,1,(13 4),(15 19),104,61,170,(13 4) (13 5) (13 6) (13 7) (13 8) (13 9) (14 9) (14 10) (14 11) (14 12) (14 13) (14 14) (15 14) (15 15) (15 16) (15 17) (15 18) (15 19) 
43,3,2,(13 4),(15 19),66,33,170,(13 4) (13 5) (13 6) (13 7) (13 8) (13 9) (14 9) (14 10) (14 11) (14 12) (14 13) (14 14) (15 14) (15 15) (15 16) (15 17) (15 18) (15 19) 
43,4,1,(13 4),(15 19),69,34,161,(13 4) (13 5) (13 6) (13 7) (13 8) (13 9) (13 10) (13 11) (13 12) (13 13) (13 14) (14 14) (15 14) (15 15) (15 16) (15 17) (15 18) (15 19) 
43,4,2,(13 4),(15 19),50,18,169,(13 4) (13 5) (13 6) (13 7) (13 8) (13 9) (14 9) (15 9) (15 10) (15 11) (15 12) (15 13) (15 14) (15 15) (15 16) (15 17) (15 18) (15 19) 
44,1,1,(11 9),(4 25),212,163,230,(11 9) (11 10) (11 11) (11 12) (11 13) (11 14) (11 15) (11 16) (11 17) (11 18) (11 19) (10 19) (10 20) (9 20) (9 21) (8 21) (8 22) (7 22) (6 22) (6 23) (5 23) (5 24) (4 24) (4 25) 
44,1,2,(11 9),(4 25),192,120,230,(11 9) (10 9) (10 10) (9 10) (9 11) (9 12) (9 13) (9 14) (9 15) (9 16) (8 16) (8 17) (8 18) (8 19) (7 19) (6 19) (5 19) (5 20) (5 21) (5 22) (5 23) (5 24) (5 25) (4 25) 
44,2,1,(11 9),(4 25),254,202,265,(11 9) (11 10) (11 11) (11 12) (11 13) (11 14) (11 15) (11 16) (11 17) (11 18) (11 19) (11 20) (11 21) (11 22) (10 22) (10 23) (9 23) (8 23) (8 24) (7 24) (6 24) (5 24) (5 25) (4 25) 
44,2,2,(11 9),(4 25),198,150,265,(11 9) (11 10) (11 11) (11 12) (11 13) (11 14) (11 15) (11 16) (11 17) (11 18) (11 19) (11 20) (11 21) (11 22) (11 23) (11 24) (11 25) (10 25) (9 25) (8 25) (7 25) (6 25) (5 25) (4 25) 
44,3,1,(11 9),(4 25),291,228,234,(11 9) (11 10) (11 11) (11 12) (11 13) (10 13) (9 13) (8 13) (8 14) (8 15) (8 16) (8 17) (7 17) (6 17) (6 18) (6 19) (6 20) (6 21) (5 21) (4 21) (4 22) (4 23) (4 24) (4 25) 
44,3,2,(11 9),(4 25),181,110,234,(11 9) (11 10) (11 11) (11 12) (11 13) (10 13) (9 13) (8 13) (8 14) (8 15) (8 16) (8 17) (7 17) (6 17) (6 18) (6 19) (6 20) (6 21) (5 21) (4 21) (4 22) (4 23) (4 24) (4 25) 
44,4,1,(11 9),(4 25),164,117,204,(11 9) (11 10) (11 11) (11 12) (11 13) (11 14) (11 15) (11 16) (11 17) (10 17) (9 17) (8 17) (7 17) (6 17) (5 17) (5 18) (5 19) (5 20) (5 21) (5 22) (5 23) (5 24) (4 24) (4 25) 
44,4,2,(11 9),(4 25),68,24,211,(11 9) (11 10) (11 11) (11 12) (11 13) (11 14) (10 14) (9 14) (8 14) (7 14) (6 14) (5 14) (4 14) (4 15) (4 16) (4 17) (4 18) (4 19) (4 20) (4 21) (4 22) (4 23) (4 24) (4 25) 
45,1,1,(8 6),(10 14),52,30,100,(8 6) (8 7) (8 8) (8 9) (8 10) (8 11) (8 12) (9 12) (9 13) (10 13) (10 14) 
45,1,2,(8 6),(10 14),47,26,100,(8 6) (9 6) (9 7) (10 7) (10 8) (10 9) (10 10) (10 11) (10 12) (10 13) (10 14) 
45,2,1,(8 6),(10 14),52,30,110,(8 6) (8 7) (8 8) (8 9) (8 10) (8 11) (8 12) (8 13) (9 13) (9 14) (10 14) 
45,2,2,(8 6),(10 14),43,23,110,(8 6) (8 7) (8 8) (8 9) (8 10) (8 11) (8 12) (8 13) (8 14) (9 14) (10 14) 
45,3,1,(8 6),(10 14),54,30,101,(8 6) (8 7) (8 8) (8 9) (8 10) (8 11) (9 11) (10 11) (10 12) (10 13) (10 14) 
45,3,2,(8 6),(10 14),42,19,101,(8 6) (8 7) (8 8) (8 9) (8 10) (8 11) (9 11) (10 11) (10 12) (10 13) (10 14) 
45,4,1,(8 6),(10 14),38,19,95,(8 6) (8 7) (8 8) (8 9) (8 10) (8 11) (8 12) (8 13) (9 13) (10 13) (10 14) 
45,4,2,(8 6),(10 14),29,11,99,(8 6) (8 7) (8 8) (8 9) (8 10) (8 11) (9 11) (10 11) (10 12) (10 13) (10 14) 
46,1,1,(4 25),(20 28),118,79,190,(4 25) (5 25) (6 25) (7 25) (8 25) (9 25) (10 25) (11 25) (12 25) (13 25) (14 25) (15 25) (16 25) (17 25) (18 25) (18 26) (18 27) (19 27) (19 28) (20 28) 
46,1,2,(4 25),(20 28),105,63,190,(4 25) (5 25) (6 25) (7 25) (8 25) (9 25) (10 25) (11 25) (12 25) (12 26) (13 26) (14 26) (15 26) (16 26) (16 27) (16 28) (17 28) (18 28) (19 28) (20 28) 
46,2,1,(4 25),(20 28),219,185,270,(4 25) (5 25) (6 25) (7 25) (8 25) (9 25) (10 25) (11 25) (12 25) (13 25) (14 25) (15 25) (15 26) (16 26) (16 27) (17 27) (18 27) (19 27) (19 28) (20 28) 
46,2,2,(4 25),(20 28),171,135,270,(4 25) (4 26) (4 27) (4 28) (5 28) (6 28) (7 28) (8 28) (9 28) (10 28) (11 28) (12 28) (13 28) (14 28) (15 28) (16 28) (17 28) (18 28) (19 28) (20 28) 
46,3,1,(4 25),(20 28),238,195,221,(4 25) (4 26) (5 26) (6 26) (7 26) (8 26) (9 26) (10 26) (11 26) (12 26) (13 26) (13 27) (14 27) (15 27) (16 27) (17 27) (18 27) (18 28) (19 28) (20 28) 
46,3,2,(4 25),(20 28),149,96,221,(4 25) (4 26) (5 26) (6 26) (7 26) (8 26) (9 26) (10 26) (11 26) (12 26) (13 26) (13 27) (14 27) (15 27) (16 27) (17 27) (18 27) (18 28) (19 28) (20 28) 
46,4,1,(4 25),(20 28),89,43,180,(4 25) (5 25) (6 25) (7 25) (8 25) (9 25) (10 25) (11 25) (12 25) (13 25) (14 25) (15 25) (16 25) (17 25) (18 25) (19 25) (20 25) (20 26) (20 27) (20 28) 
46,4,2,(4 25),(20 28),57,21,174,(4 25) (4 26) (4 27) (4 28) (5 28) (6 28) (7 28) (8 28) (9 28) (10 28) (11 28) (12 28) (13 28) (14 28) (15 28) (16 28) (17 28) (18 28) (19 28) (20 28) 
47,1,1,(5 3),(29 13),408,352,340,(5 3) (6 3) (7 3) (8 3) (9 3) (10 3) (11 3) (12 3) (13 3) (14 3) (15 3) (16 3) (17 3) (18 3) (19 3) (19 4) (20 4) (20 5) (21 5) (21 6) (22 6) (23 6) (23 7) (24 7) (24 8) (24 9) (25 9) (26 9) (26 10) (26 11) (27 11) (27 12) (28 12) (28 13) (29 13) 
47,1,2,(5 3),(29 13),326,204,340,(5 3) (6 3) (7 3) (8 3) (9 3) (10 3) (10 4) (11 4) (11 5) (12 5) (13 5) (14 5) (15 5) (16 5) (17 5) (18 5) (19 5) (20 5) (21 5) (22 5) (23 5) (24 5) (25 5) (26 5) (27 5) (28 5) (29 5) (29 6) (29 7) (29 8) (29 9) (29 10) (29 11) (29 12) (29 13) 
47,2,1,(5 3),(29 13),579,531,460,(5 3) (6 3) (7 3) (8 3) (9 3) (10 3) (10 4) (11 4) (11 5) (12 5) (13 5) (13 6) (14 6) (15 6) (16 6) (17 6) (17 7) (17 8) (18 8) (19 8) (20 8) (20 9) (21 9) (22 9) (22 10) (23 10) (24 10) (24 11) (25 11) (26 11) (26 12) (27 12) (28 12) (28 13) (29 13) 
47,2,2,(5 3),(29 13),520,455,460,(5 3) (5 4) (5 5) (5 6) (5 7) (5 8) (5 9) (5 10) (5 11) (5 12) (5 13) (6 13) (7 13) (8 13) (9 13) (10 13) (11 13) (12 13) (13 13) (14 13) (15 13) (16 13) (17 13) (18 13) (19 13) (20 13) (21 13) (22 13) (23 13) (24 13) (25 13) (26 13) (27 13) (28 13) (29 13) 
47,3,1,(5 3),(29 13),631,569,380,(5 3) (5 4) (5 5) (6 5) (7 5) (8 5) (9 5) (10 5) (11 5) (12 5) (12 6) (12 7) (13 7) (14 7) (15 7) (16 7) (16 8) (16 9) (17 9) (18 9) (19 9) (20 9) (20 10) (20 11) (21 11) (22 11) (23 11) (24 11) (24 12) (24 13) (25 13) (26 13) (27 13) (28 13) (29 13) 
47,3,2,(5 3),(29 13),474,376,380,(5 3) (5 4) (5 5) (6 5) (7 5) (8 5) (9 5) (10 5) (11 5) (12 5) (12 6) (12 7) (13 7) (14 7) (15 7) (16 7) (16 8) (16 9) (17 9) (18 9) (19 9) (20 9) (20 10) (20 11) (21 11) (22 11) (23 11) (24 11) (24 12) (24 13) (25 13) (26 13) (27 13) (28 13) (29 13) 
47,4,1,(5 3),(29 13),677,567,304,(5 3) (5 4) (5 5) (5 6) (6 6) (7 6) (8 6) (9 6) (10 6) (11 6) (12 6) (13 6) (14 6) (15 6) (16 6) (17 6) (18 6) (19 6) (20 6) (20 7) (20 8) (20 9) (21 9) (22 9) (23 9) (24 9) (25 9) (26 9) (27 9) (28 9) (28 10) (28 11) (28 12) (29 12) (29 13) 
47,4,2,(5 3),(29 13),105,40,306,(5 3) (5 4) (5 5) (5 6) (5 7) (5 8) (6 8) (7 8) (8 8) (9 8) (10 8) (11 8) (12 8) (13 8) (14 8) (15 8) (16 8) (16 9) (16 10) (16 11) (16 12) (16 13) (17 13) (18 13) (19 13) (20 13) (21 13) (22 13) (23 13) (24 13) (25 13) (26 13) (27 13) (28 13) (29 13) 
48,1,1,(26 10),(25 20),39,17,110,(26 10) (26 11) (26 12) (26 13) (26 14) (26 15) (26 16) (26 17) (26 18) (26 19) (26 20) (25 20) 
48,1,2,(26 10),(25 20),45,22,110,(26 10) (25 10) (25 11) (25 12) (25 13) (25 14) (25 15) (25 16) (25 17) (25 18) (25 19) (25 20) 
48,2,1,(26 10),(25 20),37,15,115,(26 10) (26 11) (26 12) (26 13) (26 14) (26 15) (26 16) (26 17) (26 18) (26 19) (26 20) (25 20) 
48,2,2,(26 10),(25 20),37,15,115,(26 10) (26 11) (26 12) (26 13) (26 14) (26 15) (26 16) (26 17) (26 18) (26 19) (26 20) (25 20) 
48,3,1,(26 10),(25 20),44,17,110,(26 10) (26 11) (26 12) (26 13) (26 14) (26 15) (25 15) (25 16) (25 17) (25 18) (25 19) (25 20) 
48,3,2,(26 10),(25 20),39,17,110,(26 10) (26 11) (26 12) (26 13) (26 14) (26 15) (25 15) (25 16) (25 17) (25 18) (25 19) (25 20) 
48,4,1,(26 10),(25 20),33,12,106,(26 10) (26 11) (26 12) (26 13) (26 14) (26 15) (26 16) (26 17) (26 18) (26 19) (25 19) (25 20) 
48,4,2,(26 10),(25 20),34,13,109,(26 10) (26 11) (26 12) (26 13) (26 14) (26 15) (26 16) (25 16) (25 17) (25 18) (25 19) (25 20) 
49,1,1,(22 28),(8 29),50,20,150,(22 28) (21 28) (20 28) (19 28) (18 28) (17 28) (16 28) (15 28) (14 28) (13 28) (12 28) (11 28) (10 28) (9 28) (8 28) (8 29) 
49,1,2,(22 28),(8 29),61,30,150,(22 28) (21 28) (21 29) (20 29) (19 29) (18 29) (17 29) (16 29) (15 29) (14 29) (13 29) (12 29) (11 29) (10 29) (9 29) (8 29) 
49,2,1,(22 28),(8 29),120,95,220,(22 28) (21 28) (20 28) (19 28) (18 28) (17 28) (16 28) (15 28) (14 28) (13 28) (12 28) (11 28) (10 28) (9 28) (9 29) (8 29) 
49,2,2,(22 28),(8 29),89,66,220,(22 28) (22 29) (21 29) (20 29) (19 29) (18 29) (17 29) (16 29) (15 29) (14 29) (13 29) (12 29) (11 29) (10 29) (9 29) (8 29) 
49,3,1,(22 28),(8 29),133,104,181,(22 28) (21 28) (20 28) (19 28) (18 28) (17 28) (16 28) (15 28) (14 28) (13 28) (12 28) (12 29) (11 29) (10 29) (9 29) (8 29) 
49,3,2,(22 28),(8 29),87,54,181,(22 28) (22 29) (21 29) (20 29) (19 29) (18 29) (17 29) (16 29) (15 29) (14 29) (13 29) (12 29) (11 29) (10 29) (9 29) (8 29) 
49,4,1,(22 28),(8 29),56,21,141,(22 28) (21 28) (20 28) (19 28) (18 28) (17 28) (16 28) (15 28) (14 28) (13 28) (12 28) (11 28) (10 28) (9 28) (8 28) (8 29) 
49,4,2,(22 28),(8 29),47,18,135,(22 28) (22 29) (21 29) (20 29) (19 29) (18 29) (17 29) (16 29) (15 29) (14 29) (13 29) (12 29) (11 29) (10 29) (9 29) (8 29) 
